run_id,run_utc,mode,rating_mode,date,kickoff_local,venue,home,away,home_win_prob,exp_margin_home,exp_total,confidence,home_odds,away_odds,value_flag,home_top_try,away_top_try,teamlist_source,generated_at
22131506293,2026-02-18 08:03:05,TRIALS,FALLBACK,2026-02-12,19:00,Kayo Stadium,Dolphins,Titans,0.5,0.0,40.0,0.45,,,,Winger 88% | Centre 74% | Fullback 44%,Sialetili Faeamani 68% | Jensen Taumoepeau 68% | Jaylan De Groot 49%,https://www.nrl.com/news/2026/02/10/witzer-pre-season-challenge-team-lists-round-2/,2026-02-18 08:03 UTC
22131506293,2026-02-18 08:03:05,TRIALS,FALLBACK,2026-02-13,18:00,Seiffert Oval,Raiders,Storm,0.5,0.0,40.0,0.45,,,,Winger 88% | Centre 74% | Fullback 44%,Luke Cesari 68% | Siulagi Tuimalatu-Brown 68% | Hugo Peel 49%,https://www.nrl.com/news/2026/02/10/witzer-pre-season-challenge-team-lists-round-2/,2026-02-18 08:03 UTC
22131506293,2026-02-18 08:03:05,TRIALS,FALLBACK,2026-02-13,20:00,Queensland Country Bank Stadium,Cowboys,Panthers,0.5,0.0,40.0,0.45,,,,Winger 88% | Centre 74% | Fullback 44%,Jesse McLean 68% | Nick Murphy 68% | Jaxen Edgar 49%,https://www.nrl.com/news/2026/02/10/witzer-pre-season-challenge-team-lists-round-2/,2026-02-18 08:03 UTC
22131506293,2026-02-18 08:03:05,TRIALS,FALLBACK,2026-02-14,15:00,Go Media Stadium,Warriors,Sea Eagles,0.5,0.0,40.0,0.45,,,,Winger 88% | Centre 74% | Fullback 44%,Blake Wilson 68% | Navren Willett 68% | Blake Metcalfe 49%,https://www.nrl.com/news/2026/02/10/witzer-pre-season-challenge-team-lists-round-2/,2026-02-18 08:03 UTC
22131506293,2026-02-18 08:03:05,TRIALS,FALLBACK,2026-02-14,17:30,Leichhardt Oval,Wests Tigers,Roosters,0.5,0.0,40.0,0.45,,,,Winger 88% | Centre 74% | Fullback 44%,Junior Tupou 68% | Tom Rodwell 68% | Rex Bassingthwaighte 49%,https://www.nrl.com/news/2026/02/10/witzer-pre-season-challenge-team-lists-round-2/,2026-02-18 08:03 UTC
22131506293,2026-02-18 08:03:05,TRIALS,FALLBACK,2026-02-14,19:30,McDonald Jones Stadium,Knights,Bulldogs,0.5,0.0,40.0,0.45,,,,Winger 88% | Centre 74% | Fullback 44%,Jonathan Sua 68% | Enari Tuala 68% | Connor Tracey 49%,https://www.nrl.com/news/2026/02/10/witzer-pre-season-challenge-team-lists-round-2/,2026-02-18 08:03 UTC
22131506293,2026-02-18 08:03:05,TRIALS,FALLBACK,2026-02-14,20:00,Netstrata Jubilee Stadium,Dragons,Rabbitohs,0.5,0.0,40.0,0.45,,,,Winger 88% | Centre 74% | Fullback 44%,Bayleigh Bentley-Hape 68% | Jordi Mazzone 68% | Matthew Dufty 49%,https://www.nrl.com/news/2026/02/10/witzer-pre-season-challenge-team-lists-round-2/,2026-02-18 08:03 UTC
22131506293,2026-02-18 08:03:05,TRIALS,FALLBACK,2026-02-15,16:00,PointsBet Stadium,Sharks,Eels,0.5,0.0,40.0,0.45,,,,Winger 88% | Centre 74% | Fullback 44%,Jake Tago 68% | Bailey Simonsson 68% | Isaiah Iongi 49%,https://www.nrl.com/news/2026/02/10/witzer-pre-season-challenge-team-lists-round-2/,2026-02-18 08:03 UTC
22132755014,2026-02-18 08:47:15,TRIALS,FALLBACK,2026-02-12,19:00,Kayo Stadium,Dolphins,Titans,0.5,0.0,40.0,0.45,,,,Winger 88% | Centre 74% | Fullback 44%,Sialetili Faeamani 68% | Jensen Taumoepeau 68% | Jaylan De Groot 49%,https://www.nrl.com/news/2026/02/10/witzer-pre-season-challenge-team-lists-round-2/,2026-02-18 08:47 UTC
22132755014,2026-02-18 08:47:15,TRIALS,FALLBACK,2026-02-13,18:00,Seiffert Oval,Raiders,Storm,0.5,0.0,40.0,0.45,,,,Winger 88% | Centre 74% | Fullback 44%,Luke Cesari 68% | Siulagi Tuimalatu-Brown 68% | Hugo Peel 49%,https://www.nrl.com/news/2026/02/10/witzer-pre-season-challenge-team-lists-round-2/,2026-02-18 08:47 UTC
22132755014,2026-02-18 08:47:15,TRIALS,FALLBACK,2026-02-13,20:00,Queensland Country Bank Stadium,Cowboys,Panthers,0.5,0.0,40.0,0.45,,,,Winger 88% | Centre 74% | Fullback 44%,Jesse McLean 68% | Nick Murphy 68% | Jaxen Edgar 49%,https://www.nrl.com/news/2026/02/10/witzer-pre-season-challenge-team-lists-round-2/,2026-02-18 08:47 UTC
22132755014,2026-02-18 08:47:15,TRIALS,FALLBACK,2026-02-14,15:00,Go Media Stadium,Warriors,Sea Eagles,0.5,0.0,40.0,0.45,,,,Winger 88% | Centre 74% | Fullback 44%,Blake Wilson 68% | Navren Willett 68% | Blake Metcalfe 49%,https://www.nrl.com/news/2026/02/10/witzer-pre-season-challenge-team-lists-round-2/,2026-02-18 08:47 UTC
22132755014,2026-02-18 08:47:15,TRIALS,FALLBACK,2026-02-14,17:30,Leichhardt Oval,Wests Tigers,Roosters,0.5,0.0,40.0,0.45,,,,Winger 88% | Centre 74% | Fullback 44%,Junior Tupou 68% | Tom Rodwell 68% | Rex Bassingthwaighte 49%,https://www.nrl.com/news/2026/02/10/witzer-pre-season-challenge-team-lists-round-2/,2026-02-18 08:47 UTC
22132755014,2026-02-18 08:47:15,TRIALS,FALLBACK,2026-02-14,19:30,McDonald Jones Stadium,Knights,Bulldogs,0.5,0.0,40.0,0.45,,,,Winger 88% | Centre 74% | Fullback 44%,Jonathan Sua 68% | Enari Tuala 68% | Connor Tracey 49%,https://www.nrl.com/news/2026/02/10/witzer-pre-season-challenge-team-lists-round-2/,2026-02-18 08:47 UTC
22132755014,2026-02-18 08:47:15,TRIALS,FALLBACK,2026-02-14,20:00,Netstrata Jubilee Stadium,Dragons,Rabbitohs,0.5,0.0,40.0,0.45,,,,Winger 88% | Centre 74% | Fullback 44%,Bayleigh Bentley-Hape 68% | Jordi Mazzone 68% | Matthew Dufty 49%,https://www.nrl.com/news/2026/02/10/witzer-pre-season-challenge-team-lists-round-2/,2026-02-18 08:47 UTC
22132755014,2026-02-18 08:47:15,TRIALS,FALLBACK,2026-02-15,16:00,PointsBet Stadium,Sharks,Eels,0.5,0.0,40.0,0.45,,,,Winger 88% | Centre 74% | Fullback 44%,Jake Tago 68% | Bailey Simonsson 68% | Isaiah Iongi 49%,https://www.nrl.com/news/2026/02/10/witzer-pre-season-challenge-team-lists-round-2/,2026-02-18 08:47 UTC
22133108940,2026-02-18 08:59:16,TRIALS,FALLBACK,2026-02-12,19:00,Kayo Stadium,Dolphins,Titans,0.5,0.0,40.0,0.45,,,,Winger 88% | Centre 74% | Fullback 44%,Sialetili Faeamani 68% | Jensen Taumoepeau 68% | Jaylan De Groot 49%,https://www.nrl.com/news/2026/02/10/witzer-pre-season-challenge-team-lists-round-2/,2026-02-18 08:59 UTC
22133108940,2026-02-18 08:59:16,TRIALS,FALLBACK,2026-02-13,18:00,Seiffert Oval,Raiders,Storm,0.5,0.0,40.0,0.45,,,,Winger 88% | Centre 74% | Fullback 44%,Luke Cesari 68% | Siulagi Tuimalatu-Brown 68% | Hugo Peel 49%,https://www.nrl.com/news/2026/02/10/witzer-pre-season-challenge-team-lists-round-2/,2026-02-18 08:59 UTC
22133108940,2026-02-18 08:59:16,TRIALS,FALLBACK,2026-02-13,20:00,Queensland Country Bank Stadium,Cowboys,Panthers,0.5,0.0,40.0,0.45,,,,Winger 88% | Centre 74% | Fullback 44%,Jesse McLean 68% | Nick Murphy 68% | Jaxen Edgar 49%,https://www.nrl.com/news/2026/02/10/witzer-pre-season-challenge-team-lists-round-2/,2026-02-18 08:59 UTC
22133108940,2026-02-18 08:59:16,TRIALS,FALLBACK,2026-02-14,15:00,Go Media Stadium,Warriors,Sea Eagles,0.5,0.0,40.0,0.45,,,,Winger 88% | Centre 74% | Fullback 44%,Blake Wilson 68% | Navren Willett 68% | Blake Metcalfe 49%,https://www.nrl.com/news/2026/02/10/witzer-pre-season-challenge-team-lists-round-2/,2026-02-18 08:59 UTC
22133108940,2026-02-18 08:59:16,TRIALS,FALLBACK,2026-02-14,17:30,Leichhardt Oval,Wests Tigers,Roosters,0.5,0.0,40.0,0.45,,,,Winger 88% | Centre 74% | Fullback 44%,Junior Tupou 68% | Tom Rodwell 68% | Rex Bassingthwaighte 49%,https://www.nrl.com/news/2026/02/10/witzer-pre-season-challenge-team-lists-round-2/,2026-02-18 08:59 UTC
22133108940,2026-02-18 08:59:16,TRIALS,FALLBACK,2026-02-14,19:30,McDonald Jones Stadium,Knights,Bulldogs,0.5,0.0,40.0,0.45,,,,Winger 88% | Centre 74% | Fullback 44%,Jonathan Sua 68% | Enari Tuala 68% | Connor Tracey 49%,https://www.nrl.com/news/2026/02/10/witzer-pre-season-challenge-team-lists-round-2/,2026-02-18 08:59 UTC
22133108940,2026-02-18 08:59:16,TRIALS,FALLBACK,2026-02-14,20:00,Netstrata Jubilee Stadium,Dragons,Rabbitohs,0.5,0.0,40.0,0.45,,,,Winger 88% | Centre 74% | Fullback 44%,Bayleigh Bentley-Hape 68% | Jordi Mazzone 68% | Matthew Dufty 49%,https://www.nrl.com/news/2026/02/10/witzer-pre-season-challenge-team-lists-round-2/,2026-02-18 08:59 UTC
22133108940,2026-02-18 08:59:16,TRIALS,FALLBACK,2026-02-15,16:00,PointsBet Stadium,Sharks,Eels,0.5,0.0,40.0,0.45,,,,Winger 88% | Centre 74% | Fullback 44%,Jake Tago 68% | Bailey Simonsson 68% | Isaiah Iongi 49%,https://www.nrl.com/news/2026/02/10/witzer-pre-season-challenge-team-lists-round-2/,2026-02-18 08:59 UTC
22133545924,2026-02-18 09:13:35,TRIALS,FALLBACK,2026-02-12,19:00,Kayo Stadium,Dolphins,Titans,0.5,0.0,40.0,0.45,,,,Winger 88% | Centre 74% | Fullback 44%,Sialetili Faeamani 68% | Jensen Taumoepeau 68% | Jaylan De Groot 49%,https://www.nrl.com/news/2026/02/10/witzer-pre-season-challenge-team-lists-round-2/,2026-02-18 09:13 UTC
22133545924,2026-02-18 09:13:35,TRIALS,FALLBACK,2026-02-13,18:00,Seiffert Oval,Raiders,Storm,0.5,0.0,40.0,0.45,,,,Winger 88% | Centre 74% | Fullback 44%,Luke Cesari 68% | Siulagi Tuimalatu-Brown 68% | Hugo Peel 49%,https://www.nrl.com/news/2026/02/10/witzer-pre-season-challenge-team-lists-round-2/,2026-02-18 09:13 UTC
22133545924,2026-02-18 09:13:35,TRIALS,FALLBACK,2026-02-13,20:00,Queensland Country Bank Stadium,Cowboys,Panthers,0.5,0.0,40.0,0.45,,,,Winger 88% | Centre 74% | Fullback 44%,Jesse McLean 68% | Nick Murphy 68% | Jaxen Edgar 49%,https://www.nrl.com/news/2026/02/10/witzer-pre-season-challenge-team-lists-round-2/,2026-02-18 09:13 UTC
22133545924,2026-02-18 09:13:35,TRIALS,FALLBACK,2026-02-14,15:00,Go Media Stadium,Warriors,Sea Eagles,0.5,0.0,40.0,0.45,,,,Winger 88% | Centre 74% | Fullback 44%,Blake Wilson 68% | Navren Willett 68% | Blake Metcalfe 49%,https://www.nrl.com/news/2026/02/10/witzer-pre-season-challenge-team-lists-round-2/,2026-02-18 09:13 UTC
22133545924,2026-02-18 09:13:35,TRIALS,FALLBACK,2026-02-14,17:30,Leichhardt Oval,Wests Tigers,Roosters,0.5,0.0,40.0,0.45,,,,Winger 88% | Centre 74% | Fullback 44%,Junior Tupou 68% | Tom Rodwell 68% | Rex Bassingthwaighte 49%,https://www.nrl.com/news/2026/02/10/witzer-pre-season-challenge-team-lists-round-2/,2026-02-18 09:13 UTC
22133545924,2026-02-18 09:13:35,TRIALS,FALLBACK,2026-02-14,19:30,McDonald Jones Stadium,Knights,Bulldogs,0.5,0.0,40.0,0.45,,,,Winger 88% | Centre 74% | Fullback 44%,Jonathan Sua 68% | Enari Tuala 68% | Connor Tracey 49%,https://www.nrl.com/news/2026/02/10/witzer-pre-season-challenge-team-lists-round-2/,2026-02-18 09:13 UTC
22133545924,2026-02-18 09:13:35,TRIALS,FALLBACK,2026-02-14,20:00,Netstrata Jubilee Stadium,Dragons,Rabbitohs,0.5,0.0,40.0,0.45,,,,Winger 88% | Centre 74% | Fullback 44%,Bayleigh Bentley-Hape 68% | Jordi Mazzone 68% | Matthew Dufty 49%,https://www.nrl.com/news/2026/02/10/witzer-pre-season-challenge-team-lists-round-2/,2026-02-18 09:13 UTC
22133545924,2026-02-18 09:13:35,TRIALS,FALLBACK,2026-02-15,16:00,PointsBet Stadium,Sharks,Eels,0.5,0.0,40.0,0.45,,,,Winger 88% | Centre 74% | Fullback 44%,Jake Tago 68% | Bailey Simonsson 68% | Isaiah Iongi 49%,https://www.nrl.com/news/2026/02/10/witzer-pre-season-challenge-team-lists-round-2/,2026-02-18 09:13 UTC
22135009745,2026-02-18 09:58:42,TRIALS,FALLBACK,2026-02-12,19:00,Kayo Stadium,Dolphins,Titans,0.5,0.0,40.0,0.45,,,,Winger 88% | Centre 74% | Fullback 44%,Sialetili Faeamani 68% | Jensen Taumoepeau 68% | Jaylan De Groot 49%,https://www.nrl.com/news/2026/02/10/witzer-pre-season-challenge-team-lists-round-2/,2026-02-18 09:58 UTC
22135009745,2026-02-18 09:58:42,TRIALS,FALLBACK,2026-02-13,18:00,Seiffert Oval,Raiders,Storm,0.5,0.0,40.0,0.45,,,,Winger 88% | Centre 74% | Fullback 44%,Luke Cesari 68% | Siulagi Tuimalatu-Brown 68% | Hugo Peel 49%,https://www.nrl.com/news/2026/02/10/witzer-pre-season-challenge-team-lists-round-2/,2026-02-18 09:58 UTC
22135009745,2026-02-18 09:58:42,TRIALS,FALLBACK,2026-02-13,20:00,Queensland Country Bank Stadium,Cowboys,Panthers,0.5,0.0,40.0,0.45,,,,Winger 88% | Centre 74% | Fullback 44%,Jesse McLean 68% | Nick Murphy 68% | Jaxen Edgar 49%,https://www.nrl.com/news/2026/02/10/witzer-pre-season-challenge-team-lists-round-2/,2026-02-18 09:58 UTC
22135009745,2026-02-18 09:58:42,TRIALS,FALLBACK,2026-02-14,15:00,Go Media Stadium,Warriors,Sea Eagles,0.5,0.0,40.0,0.45,,,,Winger 88% | Centre 74% | Fullback 44%,Blake Wilson 68% | Navren Willett 68% | Blake Metcalfe 49%,https://www.nrl.com/news/2026/02/10/witzer-pre-season-challenge-team-lists-round-2/,2026-02-18 09:58 UTC
22135009745,2026-02-18 09:58:42,TRIALS,FALLBACK,2026-02-14,17:30,Leichhardt Oval,Wests Tigers,Roosters,0.5,0.0,40.0,0.45,,,,Winger 88% | Centre 74% | Fullback 44%,Junior Tupou 68% | Tom Rodwell 68% | Rex Bassingthwaighte 49%,https://www.nrl.com/news/2026/02/10/witzer-pre-season-challenge-team-lists-round-2/,2026-02-18 09:58 UTC
22135009745,2026-02-18 09:58:42,TRIALS,FALLBACK,2026-02-14,19:30,McDonald Jones Stadium,Knights,Bulldogs,0.5,0.0,40.0,0.45,,,,Winger 88% | Centre 74% | Fullback 44%,Jonathan Sua 68% | Enari Tuala 68% | Connor Tracey 49%,https://www.nrl.com/news/2026/02/10/witzer-pre-season-challenge-team-lists-round-2/,2026-02-18 09:58 UTC
22135009745,2026-02-18 09:58:42,TRIALS,FALLBACK,2026-02-14,20:00,Netstrata Jubilee Stadium,Dragons,Rabbitohs,0.5,0.0,40.0,0.45,,,,Winger 88% | Centre 74% | Fullback 44%,Bayleigh Bentley-Hape 68% | Jordi Mazzone 68% | Matthew Dufty 49%,https://www.nrl.com/news/2026/02/10/witzer-pre-season-challenge-team-lists-round-2/,2026-02-18 09:58 UTC
22135009745,2026-02-18 09:58:42,TRIALS,FALLBACK,2026-02-15,16:00,PointsBet Stadium,Sharks,Eels,0.5,0.0,40.0,0.45,,,,Winger 88% | Centre 74% | Fullback 44%,Jake Tago 68% | Bailey Simonsson 68% | Isaiah Iongi 49%,https://www.nrl.com/news/2026/02/10/witzer-pre-season-challenge-team-lists-round-2/,2026-02-18 09:58 UTC
22159130432,2026-02-18 21:53:45,TRIALS,FALLBACK,2026-02-12,19:00,Kayo Stadium,Dolphins,Titans,0.5,0.0,40.0,0.45,,,,Winger 88% | Centre 74% | Fullback 44%,Sialetili Faeamani 68% | Jensen Taumoepeau 68% | Jaylan De Groot 49%,https://www.nrl.com/news/2026/02/10/witzer-pre-season-challenge-team-lists-round-2/,2026-02-18 21:53 UTC
22159130432,2026-02-18 21:53:45,TRIALS,FALLBACK,2026-02-13,18:00,Seiffert Oval,Raiders,Storm,0.5,0.0,40.0,0.45,,,,Winger 88% | Centre 74% | Fullback 44%,Luke Cesari 68% | Siulagi Tuimalatu-Brown 68% | Hugo Peel 49%,https://www.nrl.com/news/2026/02/10/witzer-pre-season-challenge-team-lists-round-2/,2026-02-18 21:53 UTC
22159130432,2026-02-18 21:53:45,TRIALS,FALLBACK,2026-02-13,20:00,Queensland Country Bank Stadium,Cowboys,Panthers,0.5,0.0,40.0,0.45,,,,Winger 88% | Centre 74% | Fullback 44%,Jesse McLean 68% | Nick Murphy 68% | Jaxen Edgar 49%,https://www.nrl.com/news/2026/02/10/witzer-pre-season-challenge-team-lists-round-2/,2026-02-18 21:53 UTC
22159130432,2026-02-18 21:53:45,TRIALS,FALLBACK,2026-02-14,15:00,Go Media Stadium,Warriors,Sea Eagles,0.5,0.0,40.0,0.45,,,,Winger 88% | Centre 74% | Fullback 44%,Blake Wilson 68% | Navren Willett 68% | Blake Metcalfe 49%,https://www.nrl.com/news/2026/02/10/witzer-pre-season-challenge-team-lists-round-2/,2026-02-18 21:53 UTC
22159130432,2026-02-18 21:53:45,TRIALS,FALLBACK,2026-02-14,17:30,Leichhardt Oval,Wests Tigers,Roosters,0.5,0.0,40.0,0.45,,,,Winger 88% | Centre 74% | Fullback 44%,Junior Tupou 68% | Tom Rodwell 68% | Rex Bassingthwaighte 49%,https://www.nrl.com/news/2026/02/10/witzer-pre-season-challenge-team-lists-round-2/,2026-02-18 21:53 UTC
22159130432,2026-02-18 21:53:45,TRIALS,FALLBACK,2026-02-14,19:30,McDonald Jones Stadium,Knights,Bulldogs,0.5,0.0,40.0,0.45,,,,Winger 88% | Centre 74% | Fullback 44%,Jonathan Sua 68% | Enari Tuala 68% | Connor Tracey 49%,https://www.nrl.com/news/2026/02/10/witzer-pre-season-challenge-team-lists-round-2/,2026-02-18 21:53 UTC
22159130432,2026-02-18 21:53:45,TRIALS,FALLBACK,2026-02-14,20:00,Netstrata Jubilee Stadium,Dragons,Rabbitohs,0.5,0.0,40.0,0.45,,,,Winger 88% | Centre 74% | Fullback 44%,Bayleigh Bentley-Hape 68% | Jordi Mazzone 68% | Matthew Dufty 49%,https://www.nrl.com/news/2026/02/10/witzer-pre-season-challenge-team-lists-round-2/,2026-02-18 21:53 UTC
22159130432,2026-02-18 21:53:45,TRIALS,FALLBACK,2026-02-15,16:00,PointsBet Stadium,Sharks,Eels,0.5,0.0,40.0,0.45,,,,Winger 88% | Centre 74% | Fullback 44%,Jake Tago 68% | Bailey Simonsson 68% | Isaiah Iongi 49%,https://www.nrl.com/news/2026/02/10/witzer-pre-season-challenge-team-lists-round-2/,2026-02-18 21:53 UTC
22201717695,2026-02-19 21:56:10,TRIALS,FALLBACK,2026-02-12,19:00,Kayo Stadium,Dolphins,Titans,0.5,0.0,40.0,0.45,,,,Winger 88% | Centre 74% | Fullback 44%,Sialetili Faeamani 68% | Jensen Taumoepeau 68% | Jaylan De Groot 49%,https://www.nrl.com/news/2026/02/10/witzer-pre-season-challenge-team-lists-round-2/,2026-02-19 21:56 UTC
22201717695,2026-02-19 21:56:10,TRIALS,FALLBACK,2026-02-13,18:00,Seiffert Oval,Raiders,Storm,0.5,0.0,40.0,0.45,,,,Winger 88% | Centre 74% | Fullback 44%,Luke Cesari 68% | Siulagi Tuimalatu-Brown 68% | Hugo Peel 49%,https://www.nrl.com/news/2026/02/10/witzer-pre-season-challenge-team-lists-round-2/,2026-02-19 21:56 UTC
22201717695,2026-02-19 21:56:10,TRIALS,FALLBACK,2026-02-13,20:00,Queensland Country Bank Stadium,Cowboys,Panthers,0.5,0.0,40.0,0.45,,,,Winger 88% | Centre 74% | Fullback 44%,Jesse McLean 68% | Nick Murphy 68% | Jaxen Edgar 49%,https://www.nrl.com/news/2026/02/10/witzer-pre-season-challenge-team-lists-round-2/,2026-02-19 21:56 UTC
22201717695,2026-02-19 21:56:10,TRIALS,FALLBACK,2026-02-14,15:00,Go Media Stadium,Warriors,Sea Eagles,0.5,0.0,40.0,0.45,,,,Winger 88% | Centre 74% | Fullback 44%,Blake Wilson 68% | Navren Willett 68% | Blake Metcalfe 49%,https://www.nrl.com/news/2026/02/10/witzer-pre-season-challenge-team-lists-round-2/,2026-02-19 21:56 UTC
22201717695,2026-02-19 21:56:10,TRIALS,FALLBACK,2026-02-14,17:30,Leichhardt Oval,Wests Tigers,Roosters,0.5,0.0,40.0,0.45,,,,Winger 88% | Centre 74% | Fullback 44%,Junior Tupou 68% | Tom Rodwell 68% | Rex Bassingthwaighte 49%,https://www.nrl.com/news/2026/02/10/witzer-pre-season-challenge-team-lists-round-2/,2026-02-19 21:56 UTC
22201717695,2026-02-19 21:56:10,TRIALS,FALLBACK,2026-02-14,19:30,McDonald Jones Stadium,Knights,Bulldogs,0.5,0.0,40.0,0.45,,,,Winger 88% | Centre 74% | Fullback 44%,Jonathan Sua 68% | Enari Tuala 68% | Connor Tracey 49%,https://www.nrl.com/news/2026/02/10/witzer-pre-season-challenge-team-lists-round-2/,2026-02-19 21:56 UTC
22201717695,2026-02-19 21:56:10,TRIALS,FALLBACK,2026-02-14,20:00,Netstrata Jubilee Stadium,Dragons,Rabbitohs,0.5,0.0,40.0,0.45,,,,Winger 88% | Centre 74% | Fullback 44%,Bayleigh Bentley-Hape 68% | Jordi Mazzone 68% | Matthew Dufty 49%,https://www.nrl.com/news/2026/02/10/witzer-pre-season-challenge-team-lists-round-2/,2026-02-19 21:56 UTC
22201717695,2026-02-19 21:56:10,TRIALS,FALLBACK,2026-02-15,16:00,PointsBet Stadium,Sharks,Eels,0.5,0.0,40.0,0.45,,,,Winger 88% | Centre 74% | Fullback 44%,Jake Tago 68% | Bailey Simonsson 68% | Isaiah Iongi 49%,https://www.nrl.com/news/2026/02/10/witzer-pre-season-challenge-team-lists-round-2/,2026-02-19 21:56 UTC
22209102251,2026-02-20 02:40:30,AUTO,FALLBACK,2026-02-12,19:00,Kayo Stadium,Dolphins,Titans,0.5,0.0,40.0,0.45,,,,Winger 88% | Centre 74% | Fullback 44%,Sialetili Faeamani 68% | Jensen Taumoepeau 68% | Jaylan De Groot 49%,https://www.nrl.com/news/2026/02/10/witzer-pre-season-challenge-team-lists-round-2/,2026-02-20 02:40 UTC
22209102251,2026-02-20 02:40:30,AUTO,FALLBACK,2026-02-13,18:00,Seiffert Oval,Raiders,Storm,0.5,0.0,40.0,0.45,,,,Winger 88% | Centre 74% | Fullback 44%,Luke Cesari 68% | Siulagi Tuimalatu-Brown 68% | Hugo Peel 49%,https://www.nrl.com/news/2026/02/10/witzer-pre-season-challenge-team-lists-round-2/,2026-02-20 02:40 UTC
22209102251,2026-02-20 02:40:30,AUTO,FALLBACK,2026-02-13,20:00,Queensland Country Bank Stadium,Cowboys,Panthers,0.5,0.0,40.0,0.45,,,,Winger 88% | Centre 74% | Fullback 44%,Jesse McLean 68% | Nick Murphy 68% | Jaxen Edgar 49%,https://www.nrl.com/news/2026/02/10/witzer-pre-season-challenge-team-lists-round-2/,2026-02-20 02:40 UTC
22209102251,2026-02-20 02:40:30,AUTO,FALLBACK,2026-02-14,15:00,Go Media Stadium,Warriors,Sea Eagles,0.5,0.0,40.0,0.45,,,,Winger 88% | Centre 74% | Fullback 44%,Blake Wilson 68% | Navren Willett 68% | Blake Metcalfe 49%,https://www.nrl.com/news/2026/02/10/witzer-pre-season-challenge-team-lists-round-2/,2026-02-20 02:40 UTC
22209102251,2026-02-20 02:40:30,AUTO,FALLBACK,2026-02-14,17:30,Leichhardt Oval,Wests Tigers,Roosters,0.5,0.0,40.0,0.45,,,,Winger 88% | Centre 74% | Fullback 44%,Junior Tupou 68% | Tom Rodwell 68% | Rex Bassingthwaighte 49%,https://www.nrl.com/news/2026/02/10/witzer-pre-season-challenge-team-lists-round-2/,2026-02-20 02:40 UTC
22209102251,2026-02-20 02:40:30,AUTO,FALLBACK,2026-02-14,19:30,McDonald Jones Stadium,Knights,Bulldogs,0.5,0.0,40.0,0.45,,,,Winger 88% | Centre 74% | Fullback 44%,Jonathan Sua 68% | Enari Tuala 68% | Connor Tracey 49%,https://www.nrl.com/news/2026/02/10/witzer-pre-season-challenge-team-lists-round-2/,2026-02-20 02:40 UTC
22209102251,2026-02-20 02:40:30,AUTO,FALLBACK,2026-02-14,20:00,Netstrata Jubilee Stadium,Dragons,Rabbitohs,0.5,0.0,40.0,0.45,,,,Winger 88% | Centre 74% | Fullback 44%,Bayleigh Bentley-Hape 68% | Jordi Mazzone 68% | Matthew Dufty 49%,https://www.nrl.com/news/2026/02/10/witzer-pre-season-challenge-team-lists-round-2/,2026-02-20 02:40 UTC
22209102251,2026-02-20 02:40:30,AUTO,FALLBACK,2026-02-15,16:00,PointsBet Stadium,Sharks,Eels,0.5,0.0,40.0,0.45,,,,Winger 88% | Centre 74% | Fullback 44%,Jake Tago 68% | Bailey Simonsson 68% | Isaiah Iongi 49%,https://www.nrl.com/news/2026/02/10/witzer-pre-season-challenge-team-lists-round-2/,2026-02-20 02:40 UTC
22210939359,2026-02-20 04:11:19,AUTO,FALLBACK,2026-02-12,19:00,Kayo Stadium,Dolphins,Titans,0.5,0.0,40.0,0.45,,,,Winger 88% | Centre 74% | Fullback 44%,Sialetili Faeamani 68% | Jensen Taumoepeau 68% | Jaylan De Groot 49%,https://www.nrl.com/news/2026/02/10/witzer-pre-season-challenge-team-lists-round-2/,2026-02-20 04:11 UTC
22210939359,2026-02-20 04:11:19,AUTO,FALLBACK,2026-02-13,18:00,Seiffert Oval,Raiders,Storm,0.5,0.0,40.0,0.45,,,,Winger 88% | Centre 74% | Fullback 44%,Luke Cesari 68% | Siulagi Tuimalatu-Brown 68% | Hugo Peel 49%,https://www.nrl.com/news/2026/02/10/witzer-pre-season-challenge-team-lists-round-2/,2026-02-20 04:11 UTC
22210939359,2026-02-20 04:11:19,AUTO,FALLBACK,2026-02-13,20:00,Queensland Country Bank Stadium,Cowboys,Panthers,0.5,0.0,40.0,0.45,,,,Winger 88% | Centre 74% | Fullback 44%,Jesse McLean 68% | Nick Murphy 68% | Jaxen Edgar 49%,https://www.nrl.com/news/2026/02/10/witzer-pre-season-challenge-team-lists-round-2/,2026-02-20 04:11 UTC
22210939359,2026-02-20 04:11:19,AUTO,FALLBACK,2026-02-14,15:00,Go Media Stadium,Warriors,Sea Eagles,0.5,0.0,40.0,0.45,,,,Winger 88% | Centre 74% | Fullback 44%,Blake Wilson 68% | Navren Willett 68% | Blake Metcalfe 49%,https://www.nrl.com/news/2026/02/10/witzer-pre-season-challenge-team-lists-round-2/,2026-02-20 04:11 UTC
22210939359,2026-02-20 04:11:19,AUTO,FALLBACK,2026-02-14,17:30,Leichhardt Oval,Wests Tigers,Roosters,0.5,0.0,40.0,0.45,,,,Winger 88% | Centre 74% | Fullback 44%,Junior Tupou 68% | Tom Rodwell 68% | Rex Bassingthwaighte 49%,https://www.nrl.com/news/2026/02/10/witzer-pre-season-challenge-team-lists-round-2/,2026-02-20 04:11 UTC
22210939359,2026-02-20 04:11:19,AUTO,FALLBACK,2026-02-14,19:30,McDonald Jones Stadium,Knights,Bulldogs,0.5,0.0,40.0,0.45,,,,Winger 88% | Centre 74% | Fullback 44%,Jonathan Sua 68% | Enari Tuala 68% | Connor Tracey 49%,https://www.nrl.com/news/2026/02/10/witzer-pre-season-challenge-team-lists-round-2/,2026-02-20 04:11 UTC
22210939359,2026-02-20 04:11:19,AUTO,FALLBACK,2026-02-14,20:00,Netstrata Jubilee Stadium,Dragons,Rabbitohs,0.5,0.0,40.0,0.45,,,,Winger 88% | Centre 74% | Fullback 44%,Bayleigh Bentley-Hape 68% | Jordi Mazzone 68% | Matthew Dufty 49%,https://www.nrl.com/news/2026/02/10/witzer-pre-season-challenge-team-lists-round-2/,2026-02-20 04:11 UTC
22210939359,2026-02-20 04:11:19,AUTO,FALLBACK,2026-02-15,16:00,PointsBet Stadium,Sharks,Eels,0.5,0.0,40.0,0.45,,,,Winger 88% | Centre 74% | Fullback 44%,Jake Tago 68% | Bailey Simonsson 68% | Isaiah Iongi 49%,https://www.nrl.com/news/2026/02/10/witzer-pre-season-challenge-team-lists-round-2/,2026-02-20 04:11 UTC
22211291049,2026-02-20 04:28:10,AUTO,FALLBACK,2026-02-12,19:00,Kayo Stadium,Dolphins,Titans,0.5,0.0,40.0,0.45,,,,Winger 88% | Centre 74% | Fullback 44%,Sialetili Faeamani 68% | Jensen Taumoepeau 68% | Jaylan De Groot 49%,https://www.nrl.com/news/2026/02/10/witzer-pre-season-challenge-team-lists-round-2/,2026-02-20 04:28 UTC
22211291049,2026-02-20 04:28:10,AUTO,FALLBACK,2026-02-13,18:00,Seiffert Oval,Raiders,Storm,0.5,0.0,40.0,0.45,,,,Winger 88% | Centre 74% | Fullback 44%,Luke Cesari 68% | Siulagi Tuimalatu-Brown 68% | Hugo Peel 49%,https://www.nrl.com/news/2026/02/10/witzer-pre-season-challenge-team-lists-round-2/,2026-02-20 04:28 UTC
22211291049,2026-02-20 04:28:10,AUTO,FALLBACK,2026-02-13,20:00,Queensland Country Bank Stadium,Cowboys,Panthers,0.5,0.0,40.0,0.45,,,,Winger 88% | Centre 74% | Fullback 44%,Jesse McLean 68% | Nick Murphy 68% | Jaxen Edgar 49%,https://www.nrl.com/news/2026/02/10/witzer-pre-season-challenge-team-lists-round-2/,2026-02-20 04:28 UTC
22211291049,2026-02-20 04:28:10,AUTO,FALLBACK,2026-02-14,15:00,Go Media Stadium,Warriors,Sea Eagles,0.5,0.0,40.0,0.45,,,,Winger 88% | Centre 74% | Fullback 44%,Blake Wilson 68% | Navren Willett 68% | Blake Metcalfe 49%,https://www.nrl.com/news/2026/02/10/witzer-pre-season-challenge-team-lists-round-2/,2026-02-20 04:28 UTC
22211291049,2026-02-20 04:28:10,AUTO,FALLBACK,2026-02-14,17:30,Leichhardt Oval,Wests Tigers,Roosters,0.5,0.0,40.0,0.45,,,,Winger 88% | Centre 74% | Fullback 44%,Junior Tupou 68% | Tom Rodwell 68% | Rex Bassingthwaighte 49%,https://www.nrl.com/news/2026/02/10/witzer-pre-season-challenge-team-lists-round-2/,2026-02-20 04:28 UTC
22211291049,2026-02-20 04:28:10,AUTO,FALLBACK,2026-02-14,19:30,McDonald Jones Stadium,Knights,Bulldogs,0.5,0.0,40.0,0.45,,,,Winger 88% | Centre 74% | Fullback 44%,Jonathan Sua 68% | Enari Tuala 68% | Connor Tracey 49%,https://www.nrl.com/news/2026/02/10/witzer-pre-season-challenge-team-lists-round-2/,2026-02-20 04:28 UTC
22211291049,2026-02-20 04:28:10,AUTO,FALLBACK,2026-02-14,20:00,Netstrata Jubilee Stadium,Dragons,Rabbitohs,0.5,0.0,40.0,0.45,,,,Winger 88% | Centre 74% | Fullback 44%,Bayleigh Bentley-Hape 68% | Jordi Mazzone 68% | Matthew Dufty 49%,https://www.nrl.com/news/2026/02/10/witzer-pre-season-challenge-team-lists-round-2/,2026-02-20 04:28 UTC
22211291049,2026-02-20 04:28:10,AUTO,FALLBACK,2026-02-15,16:00,PointsBet Stadium,Sharks,Eels,0.5,0.0,40.0,0.45,,,,Winger 88% | Centre 74% | Fullback 44%,Jake Tago 68% | Bailey Simonsson 68% | Isaiah Iongi 49%,https://www.nrl.com/news/2026/02/10/witzer-pre-season-challenge-team-lists-round-2/,2026-02-20 04:28 UTC
22213520214,2026-02-20 06:10:41,AUTO,FALLBACK,2026-02-12,19:00,Kayo Stadium,Dolphins,Titans,0.5,0.0,40.0,0.45,,,,Winger 88% | Centre 74% | Fullback 44%,Sialetili Faeamani 68% | Jensen Taumoepeau 68% | Jaylan De Groot 49%,https://www.nrl.com/news/2026/02/10/witzer-pre-season-challenge-team-lists-round-2/,2026-02-20 06:10 UTC
22213520214,2026-02-20 06:10:41,AUTO,FALLBACK,2026-02-13,18:00,Seiffert Oval,Raiders,Storm,0.5,0.0,40.0,0.45,,,,Winger 88% | Centre 74% | Fullback 44%,Luke Cesari 68% | Siulagi Tuimalatu-Brown 68% | Hugo Peel 49%,https://www.nrl.com/news/2026/02/10/witzer-pre-season-challenge-team-lists-round-2/,2026-02-20 06:10 UTC
22213520214,2026-02-20 06:10:41,AUTO,FALLBACK,2026-02-13,20:00,Queensland Country Bank Stadium,Cowboys,Panthers,0.5,0.0,40.0,0.45,,,,Winger 88% | Centre 74% | Fullback 44%,Jesse McLean 68% | Nick Murphy 68% | Jaxen Edgar 49%,https://www.nrl.com/news/2026/02/10/witzer-pre-season-challenge-team-lists-round-2/,2026-02-20 06:10 UTC
22213520214,2026-02-20 06:10:41,AUTO,FALLBACK,2026-02-14,15:00,Go Media Stadium,Warriors,Sea Eagles,0.5,0.0,40.0,0.45,,,,Winger 88% | Centre 74% | Fullback 44%,Blake Wilson 68% | Navren Willett 68% | Blake Metcalfe 49%,https://www.nrl.com/news/2026/02/10/witzer-pre-season-challenge-team-lists-round-2/,2026-02-20 06:10 UTC
22213520214,2026-02-20 06:10:41,AUTO,FALLBACK,2026-02-14,17:30,Leichhardt Oval,Wests Tigers,Roosters,0.5,0.0,40.0,0.45,,,,Winger 88% | Centre 74% | Fullback 44%,Junior Tupou 68% | Tom Rodwell 68% | Rex Bassingthwaighte 49%,https://www.nrl.com/news/2026/02/10/witzer-pre-season-challenge-team-lists-round-2/,2026-02-20 06:10 UTC
22213520214,2026-02-20 06:10:41,AUTO,FALLBACK,2026-02-14,19:30,McDonald Jones Stadium,Knights,Bulldogs,0.5,0.0,40.0,0.45,,,,Winger 88% | Centre 74% | Fullback 44%,Jonathan Sua 68% | Enari Tuala 68% | Connor Tracey 49%,https://www.nrl.com/news/2026/02/10/witzer-pre-season-challenge-team-lists-round-2/,2026-02-20 06:10 UTC
22213520214,2026-02-20 06:10:41,AUTO,FALLBACK,2026-02-14,20:00,Netstrata Jubilee Stadium,Dragons,Rabbitohs,0.5,0.0,40.0,0.45,,,,Winger 88% | Centre 74% | Fullback 44%,Bayleigh Bentley-Hape 68% | Jordi Mazzone 68% | Matthew Dufty 49%,https://www.nrl.com/news/2026/02/10/witzer-pre-season-challenge-team-lists-round-2/,2026-02-20 06:10 UTC
22213520214,2026-02-20 06:10:41,AUTO,FALLBACK,2026-02-15,16:00,PointsBet Stadium,Sharks,Eels,0.5,0.0,40.0,0.45,,,,Winger 88% | Centre 74% | Fullback 44%,Jake Tago 68% | Bailey Simonsson 68% | Isaiah Iongi 49%,https://www.nrl.com/news/2026/02/10/witzer-pre-season-challenge-team-lists-round-2/,2026-02-20 06:10 UTC
22213665489,2026-02-20 06:16:53,AUTO,FALLBACK,2026-02-12,19:00,Kayo Stadium,Dolphins,Titans,0.5,0.0,40.0,0.45,,,,Winger 88% | Centre 74% | Fullback 44%,Sialetili Faeamani 68% | Jensen Taumoepeau 68% | Jaylan De Groot 49%,https://www.nrl.com/news/2026/02/10/witzer-pre-season-challenge-team-lists-round-2/,2026-02-20 06:16 UTC
22213665489,2026-02-20 06:16:53,AUTO,FALLBACK,2026-02-13,18:00,Seiffert Oval,Raiders,Storm,0.5,0.0,40.0,0.45,,,,Winger 88% | Centre 74% | Fullback 44%,Luke Cesari 68% | Siulagi Tuimalatu-Brown 68% | Hugo Peel 49%,https://www.nrl.com/news/2026/02/10/witzer-pre-season-challenge-team-lists-round-2/,2026-02-20 06:16 UTC
22213665489,2026-02-20 06:16:53,AUTO,FALLBACK,2026-02-13,20:00,Queensland Country Bank Stadium,Cowboys,Panthers,0.5,0.0,40.0,0.45,,,,Winger 88% | Centre 74% | Fullback 44%,Jesse McLean 68% | Nick Murphy 68% | Jaxen Edgar 49%,https://www.nrl.com/news/2026/02/10/witzer-pre-season-challenge-team-lists-round-2/,2026-02-20 06:16 UTC
22213665489,2026-02-20 06:16:53,AUTO,FALLBACK,2026-02-14,15:00,Go Media Stadium,Warriors,Sea Eagles,0.5,0.0,40.0,0.45,,,,Winger 88% | Centre 74% | Fullback 44%,Blake Wilson 68% | Navren Willett 68% | Blake Metcalfe 49%,https://www.nrl.com/news/2026/02/10/witzer-pre-season-challenge-team-lists-round-2/,2026-02-20 06:16 UTC
22213665489,2026-02-20 06:16:53,AUTO,FALLBACK,2026-02-14,17:30,Leichhardt Oval,Wests Tigers,Roosters,0.5,0.0,40.0,0.45,,,,Winger 88% | Centre 74% | Fullback 44%,Junior Tupou 68% | Tom Rodwell 68% | Rex Bassingthwaighte 49%,https://www.nrl.com/news/2026/02/10/witzer-pre-season-challenge-team-lists-round-2/,2026-02-20 06:16 UTC
22213665489,2026-02-20 06:16:53,AUTO,FALLBACK,2026-02-14,19:30,McDonald Jones Stadium,Knights,Bulldogs,0.5,0.0,40.0,0.45,,,,Winger 88% | Centre 74% | Fullback 44%,Jonathan Sua 68% | Enari Tuala 68% | Connor Tracey 49%,https://www.nrl.com/news/2026/02/10/witzer-pre-season-challenge-team-lists-round-2/,2026-02-20 06:16 UTC
22213665489,2026-02-20 06:16:53,AUTO,FALLBACK,2026-02-14,20:00,Netstrata Jubilee Stadium,Dragons,Rabbitohs,0.5,0.0,40.0,0.45,,,,Winger 88% | Centre 74% | Fullback 44%,Bayleigh Bentley-Hape 68% | Jordi Mazzone 68% | Matthew Dufty 49%,https://www.nrl.com/news/2026/02/10/witzer-pre-season-challenge-team-lists-round-2/,2026-02-20 06:16 UTC
22213665489,2026-02-20 06:16:53,AUTO,FALLBACK,2026-02-15,16:00,PointsBet Stadium,Sharks,Eels,0.5,0.0,40.0,0.45,,,,Winger 88% | Centre 74% | Fullback 44%,Jake Tago 68% | Bailey Simonsson 68% | Isaiah Iongi 49%,https://www.nrl.com/news/2026/02/10/witzer-pre-season-challenge-team-lists-round-2/,2026-02-20 06:16 UTC
22213766844,2026-02-20 06:21:07,AUTO,FALLBACK,2026-02-12,19:00,Kayo Stadium,Dolphins,Titans,0.5,0.0,40.0,0.45,,,,Winger 88% | Centre 74% | Fullback 44%,Sialetili Faeamani 68% | Jensen Taumoepeau 68% | Jaylan De Groot 49%,https://www.nrl.com/news/2026/02/10/witzer-pre-season-challenge-team-lists-round-2/,2026-02-20 06:21 UTC
22213766844,2026-02-20 06:21:07,AUTO,FALLBACK,2026-02-13,18:00,Seiffert Oval,Raiders,Storm,0.5,0.0,40.0,0.45,,,,Winger 88% | Centre 74% | Fullback 44%,Luke Cesari 68% | Siulagi Tuimalatu-Brown 68% | Hugo Peel 49%,https://www.nrl.com/news/2026/02/10/witzer-pre-season-challenge-team-lists-round-2/,2026-02-20 06:21 UTC
22213766844,2026-02-20 06:21:07,AUTO,FALLBACK,2026-02-13,20:00,Queensland Country Bank Stadium,Cowboys,Panthers,0.5,0.0,40.0,0.45,,,,Winger 88% | Centre 74% | Fullback 44%,Jesse McLean 68% | Nick Murphy 68% | Jaxen Edgar 49%,https://www.nrl.com/news/2026/02/10/witzer-pre-season-challenge-team-lists-round-2/,2026-02-20 06:21 UTC
22213766844,2026-02-20 06:21:07,AUTO,FALLBACK,2026-02-14,15:00,Go Media Stadium,Warriors,Sea Eagles,0.5,0.0,40.0,0.45,,,,Winger 88% | Centre 74% | Fullback 44%,Blake Wilson 68% | Navren Willett 68% | Blake Metcalfe 49%,https://www.nrl.com/news/2026/02/10/witzer-pre-season-challenge-team-lists-round-2/,2026-02-20 06:21 UTC
22213766844,2026-02-20 06:21:07,AUTO,FALLBACK,2026-02-14,17:30,Leichhardt Oval,Wests Tigers,Roosters,0.5,0.0,40.0,0.45,,,,Winger 88% | Centre 74% | Fullback 44%,Junior Tupou 68% | Tom Rodwell 68% | Rex Bassingthwaighte 49%,https://www.nrl.com/news/2026/02/10/witzer-pre-season-challenge-team-lists-round-2/,2026-02-20 06:21 UTC
22213766844,2026-02-20 06:21:07,AUTO,FALLBACK,2026-02-14,19:30,McDonald Jones Stadium,Knights,Bulldogs,0.5,0.0,40.0,0.45,,,,Winger 88% | Centre 74% | Fullback 44%,Jonathan Sua 68% | Enari Tuala 68% | Connor Tracey 49%,https://www.nrl.com/news/2026/02/10/witzer-pre-season-challenge-team-lists-round-2/,2026-02-20 06:21 UTC
22213766844,2026-02-20 06:21:07,AUTO,FALLBACK,2026-02-14,20:00,Netstrata Jubilee Stadium,Dragons,Rabbitohs,0.5,0.0,40.0,0.45,,,,Winger 88% | Centre 74% | Fullback 44%,Bayleigh Bentley-Hape 68% | Jordi Mazzone 68% | Matthew Dufty 49%,https://www.nrl.com/news/2026/02/10/witzer-pre-season-challenge-team-lists-round-2/,2026-02-20 06:21 UTC
22213766844,2026-02-20 06:21:07,AUTO,FALLBACK,2026-02-15,16:00,PointsBet Stadium,Sharks,Eels,0.5,0.0,40.0,0.45,,,,Winger 88% | Centre 74% | Fullback 44%,Jake Tago 68% | Bailey Simonsson 68% | Isaiah Iongi 49%,https://www.nrl.com/news/2026/02/10/witzer-pre-season-challenge-team-lists-round-2/,2026-02-20 06:21 UTC
22214098202,2026-02-20 06:34:55,AUTO,FALLBACK,2026-02-12,19:00,Kayo Stadium,Dolphins,Titans,0.5,0.0,40.0,0.45,,,,Winger 88% | Centre 74% | Fullback 44%,Sialetili Faeamani 68% | Jensen Taumoepeau 68% | Jaylan De Groot 49%,https://www.nrl.com/news/2026/02/10/witzer-pre-season-challenge-team-lists-round-2/,2026-02-20 06:34 UTC
22214098202,2026-02-20 06:34:55,AUTO,FALLBACK,2026-02-13,18:00,Seiffert Oval,Raiders,Storm,0.5,0.0,40.0,0.45,,,,Winger 88% | Centre 74% | Fullback 44%,Luke Cesari 68% | Siulagi Tuimalatu-Brown 68% | Hugo Peel 49%,https://www.nrl.com/news/2026/02/10/witzer-pre-season-challenge-team-lists-round-2/,2026-02-20 06:34 UTC
22214098202,2026-02-20 06:34:55,AUTO,FALLBACK,2026-02-13,20:00,Queensland Country Bank Stadium,Cowboys,Panthers,0.5,0.0,40.0,0.45,,,,Winger 88% | Centre 74% | Fullback 44%,Jesse McLean 68% | Nick Murphy 68% | Jaxen Edgar 49%,https://www.nrl.com/news/2026/02/10/witzer-pre-season-challenge-team-lists-round-2/,2026-02-20 06:34 UTC
22214098202,2026-02-20 06:34:55,AUTO,FALLBACK,2026-02-14,15:00,Go Media Stadium,Warriors,Sea Eagles,0.5,0.0,40.0,0.45,,,,Winger 88% | Centre 74% | Fullback 44%,Blake Wilson 68% | Navren Willett 68% | Blake Metcalfe 49%,https://www.nrl.com/news/2026/02/10/witzer-pre-season-challenge-team-lists-round-2/,2026-02-20 06:34 UTC
22214098202,2026-02-20 06:34:55,AUTO,FALLBACK,2026-02-14,17:30,Leichhardt Oval,Wests Tigers,Roosters,0.5,0.0,40.0,0.45,,,,Winger 88% | Centre 74% | Fullback 44%,Junior Tupou 68% | Tom Rodwell 68% | Rex Bassingthwaighte 49%,https://www.nrl.com/news/2026/02/10/witzer-pre-season-challenge-team-lists-round-2/,2026-02-20 06:34 UTC
22214098202,2026-02-20 06:34:55,AUTO,FALLBACK,2026-02-14,19:30,McDonald Jones Stadium,Knights,Bulldogs,0.5,0.0,40.0,0.45,,,,Winger 88% | Centre 74% | Fullback 44%,Jonathan Sua 68% | Enari Tuala 68% | Connor Tracey 49%,https://www.nrl.com/news/2026/02/10/witzer-pre-season-challenge-team-lists-round-2/,2026-02-20 06:34 UTC
22214098202,2026-02-20 06:34:55,AUTO,FALLBACK,2026-02-14,20:00,Netstrata Jubilee Stadium,Dragons,Rabbitohs,0.5,0.0,40.0,0.45,,,,Winger 88% | Centre 74% | Fullback 44%,Bayleigh Bentley-Hape 68% | Jordi Mazzone 68% | Matthew Dufty 49%,https://www.nrl.com/news/2026/02/10/witzer-pre-season-challenge-team-lists-round-2/,2026-02-20 06:34 UTC
22214098202,2026-02-20 06:34:55,AUTO,FALLBACK,2026-02-15,16:00,PointsBet Stadium,Sharks,Eels,0.5,0.0,40.0,0.45,,,,Winger 88% | Centre 74% | Fullback 44%,Jake Tago 68% | Bailey Simonsson 68% | Isaiah Iongi 49%,https://www.nrl.com/news/2026/02/10/witzer-pre-season-challenge-team-lists-round-2/,2026-02-20 06:34 UTC
22221391447,2026-02-20 10:57:20,AUTO,FALLBACK,2026-02-28,,,Bulldogs,Dragons,0.5,0.0,40.0,0.45,1.48,2.66,AWAY VALUE +12%,Jonathan Sua 68% | Enari Tuala 68% | Connor Tracey 49%,Winger 88% | Centre 74% | Fullback 44%,https://www.nrl.com/news/2026/02/10/witzer-pre-season-challenge-team-lists-round-2/,2026-02-20 10:57 UTC
22221391447,2026-02-20 10:57:20,AUTO,FALLBACK,2026-03-01,,,Knights,Cowboys,0.5,0.0,40.0,0.45,2.59,1.53,HOME VALUE +11%,Winger 88% | Centre 74% | Fullback 44%,Winger 88% | Centre 74% | Fullback 44%,https://www.nrl.com/news/2026/02/10/witzer-pre-season-challenge-team-lists-round-2/,2026-02-20 10:57 UTC
22221391447,2026-02-20 10:57:20,AUTO,FALLBACK,2026-03-05,,,Storm,Eels,0.5,0.0,40.0,0.45,1.4,3.06,AWAY VALUE +17%,Luke Cesari 68% | Siulagi Tuimalatu-Brown 68% | Hugo Peel 49%,Jake Tago 68% | Bailey Simonsson 68% | Isaiah Iongi 49%,https://www.nrl.com/news/2026/02/10/witzer-pre-season-challenge-team-lists-round-2/,2026-02-20 10:57 UTC
22221391447,2026-02-20 10:57:20,AUTO,FALLBACK,2026-03-06,,,Warriors,Roosters,0.5,0.0,40.0,0.45,2.9,1.57,HOME VALUE +16%,Winger 88% | Centre 74% | Fullback 44%,Junior Tupou 68% | Tom Rodwell 68% | Rex Bassingthwaighte 49%,https://www.nrl.com/news/2026/02/10/witzer-pre-season-challenge-team-lists-round-2/,2026-02-20 10:57 UTC
22221391447,2026-02-20 10:57:20,AUTO,FALLBACK,2026-03-06,,,Broncos,Panthers,0.5,0.0,40.0,0.45,1.5,2.62,AWAY VALUE +12%,Winger 88% | Centre 74% | Fullback 44%,Jesse McLean 68% | Nick Murphy 68% | Jaxen Edgar 49%,https://www.nrl.com/news/2026/02/10/witzer-pre-season-challenge-team-lists-round-2/,2026-02-20 10:57 UTC
22221391447,2026-02-20 10:57:20,AUTO,FALLBACK,2026-03-07,,,Sharks,Titans,0.5,0.0,40.0,0.45,1.35,3.4,AWAY VALUE +21%,Winger 88% | Centre 74% | Fullback 44%,Sialetili Faeamani 68% | Jensen Taumoepeau 68% | Jaylan De Groot 49%,https://www.nrl.com/news/2026/02/10/witzer-pre-season-challenge-team-lists-round-2/,2026-02-20 10:57 UTC
22221391447,2026-02-20 10:57:20,AUTO,FALLBACK,2026-03-07,,,Sea Eagles,Raiders,0.5,0.0,40.0,0.45,1.97,2.0,,Blake Wilson 68% | Navren Willett 68% | Blake Metcalfe 49%,Winger 88% | Centre 74% | Fullback 44%,https://www.nrl.com/news/2026/02/10/witzer-pre-season-challenge-team-lists-round-2/,2026-02-20 10:57 UTC
22221391447,2026-02-20 10:57:20,AUTO,FALLBACK,2026-03-08,,,Dolphins,Rabbitohs,0.5,0.0,40.0,0.45,1.65,2.26,AWAY VALUE +6%,Winger 88% | Centre 74% | Fullback 44%,Bayleigh Bentley-Hape 68% | Jordi Mazzone 68% | Matthew Dufty 49%,https://www.nrl.com/news/2026/02/10/witzer-pre-season-challenge-team-lists-round-2/,2026-02-20 10:57 UTC
22222238548,2026-02-20 11:25:27,AUTO,FALLBACK,2026-02-28,00:00,,Bulldogs,Dragons,0.5,0.0,40.0,0.45,1.48,2.66,AWAY VALUE +12%,Jonathan Sua 68% | Enari Tuala 68% | Connor Tracey 49%,Winger 88% | Centre 74% | Fullback 44%,https://www.nrl.com/news/2026/02/10/witzer-pre-season-challenge-team-lists-round-2/,2026-02-20 11:25 UTC
22222238548,2026-02-20 11:25:27,AUTO,FALLBACK,2026-03-01,00:00,,Knights,Cowboys,0.5,0.0,40.0,0.45,2.59,1.53,HOME VALUE +11%,Winger 88% | Centre 74% | Fullback 44%,Winger 88% | Centre 74% | Fullback 44%,https://www.nrl.com/news/2026/02/10/witzer-pre-season-challenge-team-lists-round-2/,2026-02-20 11:25 UTC
22222238548,2026-02-20 11:25:27,AUTO,FALLBACK,2026-03-05,00:00,,Storm,Eels,0.5,0.0,40.0,0.45,1.4,3.06,AWAY VALUE +17%,Luke Cesari 68% | Siulagi Tuimalatu-Brown 68% | Hugo Peel 49%,Jake Tago 68% | Bailey Simonsson 68% | Isaiah Iongi 49%,https://www.nrl.com/news/2026/02/10/witzer-pre-season-challenge-team-lists-round-2/,2026-02-20 11:25 UTC
22222238548,2026-02-20 11:25:27,AUTO,FALLBACK,2026-03-06,00:00,,Warriors,Roosters,0.5,0.0,40.0,0.45,2.9,1.57,HOME VALUE +16%,Winger 88% | Centre 74% | Fullback 44%,Junior Tupou 68% | Tom Rodwell 68% | Rex Bassingthwaighte 49%,https://www.nrl.com/news/2026/02/10/witzer-pre-season-challenge-team-lists-round-2/,2026-02-20 11:25 UTC
22222238548,2026-02-20 11:25:27,AUTO,FALLBACK,2026-03-06,00:00,,Broncos,Panthers,0.5,0.0,40.0,0.45,1.5,2.62,AWAY VALUE +12%,Winger 88% | Centre 74% | Fullback 44%,Jesse McLean 68% | Nick Murphy 68% | Jaxen Edgar 49%,https://www.nrl.com/news/2026/02/10/witzer-pre-season-challenge-team-lists-round-2/,2026-02-20 11:25 UTC
22222238548,2026-02-20 11:25:27,AUTO,FALLBACK,2026-03-07,00:00,,Sharks,Titans,0.5,0.0,40.0,0.45,1.35,3.4,AWAY VALUE +21%,Winger 88% | Centre 74% | Fullback 44%,Sialetili Faeamani 68% | Jensen Taumoepeau 68% | Jaylan De Groot 49%,https://www.nrl.com/news/2026/02/10/witzer-pre-season-challenge-team-lists-round-2/,2026-02-20 11:25 UTC
22222238548,2026-02-20 11:25:27,AUTO,FALLBACK,2026-03-07,00:00,,Sea Eagles,Raiders,0.5,0.0,40.0,0.45,1.97,2.0,,Blake Wilson 68% | Navren Willett 68% | Blake Metcalfe 49%,Winger 88% | Centre 74% | Fullback 44%,https://www.nrl.com/news/2026/02/10/witzer-pre-season-challenge-team-lists-round-2/,2026-02-20 11:25 UTC
22222238548,2026-02-20 11:25:27,AUTO,FALLBACK,2026-03-08,00:00,,Dolphins,Rabbitohs,0.5,0.0,40.0,0.45,1.65,2.26,AWAY VALUE +6%,Winger 88% | Centre 74% | Fullback 44%,Bayleigh Bentley-Hape 68% | Jordi Mazzone 68% | Matthew Dufty 49%,https://www.nrl.com/news/2026/02/10/witzer-pre-season-challenge-team-lists-round-2/,2026-02-20 11:25 UTC
22237270567,2026-02-20 19:03:17,AUTO,FALLBACK,2026-02-28,,,Bulldogs,Dragons,0.5,0.0,40.0,0.45,1.48,2.66,AWAY VALUE +12%,Jonathan Sua 68% | Enari Tuala 68% | Connor Tracey 49%,Winger 88% | Centre 74% | Fullback 44%,https://www.nrl.com/news/2026/02/10/witzer-pre-season-challenge-team-lists-round-2/,2026-02-20 19:03 UTC
22237270567,2026-02-20 19:03:17,AUTO,FALLBACK,2026-03-01,,,Knights,Cowboys,0.5,0.0,40.0,0.45,2.59,1.53,HOME VALUE +11%,Winger 88% | Centre 74% | Fullback 44%,Winger 88% | Centre 74% | Fullback 44%,https://www.nrl.com/news/2026/02/10/witzer-pre-season-challenge-team-lists-round-2/,2026-02-20 19:03 UTC
22237270567,2026-02-20 19:03:17,AUTO,FALLBACK,2026-03-05,,,Storm,Eels,0.5,0.0,40.0,0.45,1.4,3.06,AWAY VALUE +17%,Luke Cesari 68% | Siulagi Tuimalatu-Brown 68% | Hugo Peel 49%,Jake Tago 68% | Bailey Simonsson 68% | Isaiah Iongi 49%,https://www.nrl.com/news/2026/02/10/witzer-pre-season-challenge-team-lists-round-2/,2026-02-20 19:03 UTC
22237270567,2026-02-20 19:03:17,AUTO,FALLBACK,2026-03-06,,,Warriors,Roosters,0.5,0.0,40.0,0.45,2.9,1.57,HOME VALUE +16%,Winger 88% | Centre 74% | Fullback 44%,Junior Tupou 68% | Tom Rodwell 68% | Rex Bassingthwaighte 49%,https://www.nrl.com/news/2026/02/10/witzer-pre-season-challenge-team-lists-round-2/,2026-02-20 19:03 UTC
22237270567,2026-02-20 19:03:17,AUTO,FALLBACK,2026-03-06,,,Broncos,Panthers,0.5,0.0,40.0,0.45,1.5,2.62,AWAY VALUE +12%,Winger 88% | Centre 74% | Fullback 44%,Jesse McLean 68% | Nick Murphy 68% | Jaxen Edgar 49%,https://www.nrl.com/news/2026/02/10/witzer-pre-season-challenge-team-lists-round-2/,2026-02-20 19:03 UTC
22237270567,2026-02-20 19:03:17,AUTO,FALLBACK,2026-03-07,,,Sharks,Titans,0.5,0.0,40.0,0.45,1.35,3.4,AWAY VALUE +21%,Winger 88% | Centre 74% | Fullback 44%,Sialetili Faeamani 68% | Jensen Taumoepeau 68% | Jaylan De Groot 49%,https://www.nrl.com/news/2026/02/10/witzer-pre-season-challenge-team-lists-round-2/,2026-02-20 19:03 UTC
22237270567,2026-02-20 19:03:17,AUTO,FALLBACK,2026-03-07,,,Sea Eagles,Raiders,0.5,0.0,40.0,0.45,1.97,2.0,,Blake Wilson 68% | Navren Willett 68% | Blake Metcalfe 49%,Winger 88% | Centre 74% | Fullback 44%,https://www.nrl.com/news/2026/02/10/witzer-pre-season-challenge-team-lists-round-2/,2026-02-20 19:03 UTC
22237270567,2026-02-20 19:03:17,AUTO,FALLBACK,2026-03-08,,,Dolphins,Rabbitohs,0.5,0.0,40.0,0.45,1.65,2.26,AWAY VALUE +6%,Winger 88% | Centre 74% | Fullback 44%,Bayleigh Bentley-Hape 68% | Jordi Mazzone 68% | Matthew Dufty 49%,https://www.nrl.com/news/2026/02/10/witzer-pre-season-challenge-team-lists-round-2/,2026-02-20 19:03 UTC
22239102652,2026-02-20 20:00:47,AUTO,FALLBACK,2026-02-28,,,Bulldogs,Dragons,0.5,0.0,40.0,0.45,1.48,2.66,AWAY VALUE +12%,Jonathan Sua 68% | Enari Tuala 68% | Connor Tracey 49%,Winger 88% | Centre 74% | Fullback 44%,https://www.nrl.com/news/2026/02/10/witzer-pre-season-challenge-team-lists-round-2/,2026-02-20 20:00 UTC
22239102652,2026-02-20 20:00:47,AUTO,FALLBACK,2026-03-01,,,Knights,Cowboys,0.5,0.0,40.0,0.45,2.59,1.53,HOME VALUE +11%,Winger 88% | Centre 74% | Fullback 44%,Winger 88% | Centre 74% | Fullback 44%,https://www.nrl.com/news/2026/02/10/witzer-pre-season-challenge-team-lists-round-2/,2026-02-20 20:00 UTC
22239102652,2026-02-20 20:00:47,AUTO,FALLBACK,2026-03-05,,,Storm,Eels,0.5,0.0,40.0,0.45,1.4,3.06,AWAY VALUE +17%,Luke Cesari 68% | Siulagi Tuimalatu-Brown 68% | Hugo Peel 49%,Jake Tago 68% | Bailey Simonsson 68% | Isaiah Iongi 49%,https://www.nrl.com/news/2026/02/10/witzer-pre-season-challenge-team-lists-round-2/,2026-02-20 20:00 UTC
22239102652,2026-02-20 20:00:47,AUTO,FALLBACK,2026-03-06,,,Warriors,Roosters,0.5,0.0,40.0,0.45,2.9,1.57,HOME VALUE +16%,Winger 88% | Centre 74% | Fullback 44%,Junior Tupou 68% | Tom Rodwell 68% | Rex Bassingthwaighte 49%,https://www.nrl.com/news/2026/02/10/witzer-pre-season-challenge-team-lists-round-2/,2026-02-20 20:00 UTC
22239102652,2026-02-20 20:00:47,AUTO,FALLBACK,2026-03-06,,,Broncos,Panthers,0.5,0.0,40.0,0.45,1.5,2.62,AWAY VALUE +12%,Winger 88% | Centre 74% | Fullback 44%,Jesse McLean 68% | Nick Murphy 68% | Jaxen Edgar 49%,https://www.nrl.com/news/2026/02/10/witzer-pre-season-challenge-team-lists-round-2/,2026-02-20 20:00 UTC
22239102652,2026-02-20 20:00:47,AUTO,FALLBACK,2026-03-07,,,Sharks,Titans,0.5,0.0,40.0,0.45,1.35,3.4,AWAY VALUE +21%,Winger 88% | Centre 74% | Fullback 44%,Sialetili Faeamani 68% | Jensen Taumoepeau 68% | Jaylan De Groot 49%,https://www.nrl.com/news/2026/02/10/witzer-pre-season-challenge-team-lists-round-2/,2026-02-20 20:00 UTC
22239102652,2026-02-20 20:00:47,AUTO,FALLBACK,2026-03-07,,,Sea Eagles,Raiders,0.5,0.0,40.0,0.45,1.97,2.0,,Blake Wilson 68% | Navren Willett 68% | Blake Metcalfe 49%,Winger 88% | Centre 74% | Fullback 44%,https://www.nrl.com/news/2026/02/10/witzer-pre-season-challenge-team-lists-round-2/,2026-02-20 20:00 UTC
22239102652,2026-02-20 20:00:47,AUTO,FALLBACK,2026-03-08,,,Dolphins,Rabbitohs,0.5,0.0,40.0,0.45,1.65,2.26,AWAY VALUE +6%,Winger 88% | Centre 74% | Fullback 44%,Bayleigh Bentley-Hape 68% | Jordi Mazzone 68% | Matthew Dufty 49%,https://www.nrl.com/news/2026/02/10/witzer-pre-season-challenge-team-lists-round-2/,2026-02-20 20:00 UTC
22248403425,2026-02-21 02:13:32,AUTO,FALLBACK,2026-02-28,,,Bulldogs,Dragons,0.5,0.0,40.0,0.45,1.48,2.66,AWAY VALUE +12%,Jonathan Sua 68% | Enari Tuala 68% | Connor Tracey 49%,Winger 88% | Centre 74% | Fullback 44%,https://www.nrl.com/news/2026/02/10/witzer-pre-season-challenge-team-lists-round-2/,2026-02-21 02:13 UTC
22248403425,2026-02-21 02:13:32,AUTO,FALLBACK,2026-03-01,,,Knights,Cowboys,0.5,0.0,40.0,0.45,2.59,1.53,HOME VALUE +11%,Winger 88% | Centre 74% | Fullback 44%,Winger 88% | Centre 74% | Fullback 44%,https://www.nrl.com/news/2026/02/10/witzer-pre-season-challenge-team-lists-round-2/,2026-02-21 02:13 UTC
22248403425,2026-02-21 02:13:32,AUTO,FALLBACK,2026-03-05,,,Storm,Eels,0.5,0.0,40.0,0.45,1.4,3.06,AWAY VALUE +17%,Luke Cesari 68% | Siulagi Tuimalatu-Brown 68% | Hugo Peel 49%,Jake Tago 68% | Bailey Simonsson 68% | Isaiah Iongi 49%,https://www.nrl.com/news/2026/02/10/witzer-pre-season-challenge-team-lists-round-2/,2026-02-21 02:13 UTC
22248403425,2026-02-21 02:13:32,AUTO,FALLBACK,2026-03-06,,,Warriors,Roosters,0.5,0.0,40.0,0.45,2.9,1.57,HOME VALUE +16%,Winger 88% | Centre 74% | Fullback 44%,Junior Tupou 68% | Tom Rodwell 68% | Rex Bassingthwaighte 49%,https://www.nrl.com/news/2026/02/10/witzer-pre-season-challenge-team-lists-round-2/,2026-02-21 02:13 UTC
22248403425,2026-02-21 02:13:32,AUTO,FALLBACK,2026-03-06,,,Broncos,Panthers,0.5,0.0,40.0,0.45,1.45,2.96,AWAY VALUE +16%,Winger 88% | Centre 74% | Fullback 44%,Jesse McLean 68% | Nick Murphy 68% | Jaxen Edgar 49%,https://www.nrl.com/news/2026/02/10/witzer-pre-season-challenge-team-lists-round-2/,2026-02-21 02:13 UTC
22248403425,2026-02-21 02:13:32,AUTO,FALLBACK,2026-03-07,,,Sharks,Titans,0.5,0.0,40.0,0.45,1.35,3.4,AWAY VALUE +21%,Winger 88% | Centre 74% | Fullback 44%,Sialetili Faeamani 68% | Jensen Taumoepeau 68% | Jaylan De Groot 49%,https://www.nrl.com/news/2026/02/10/witzer-pre-season-challenge-team-lists-round-2/,2026-02-21 02:13 UTC
22248403425,2026-02-21 02:13:32,AUTO,FALLBACK,2026-03-07,,,Sea Eagles,Raiders,0.5,0.0,40.0,0.45,1.97,2.0,,Blake Wilson 68% | Navren Willett 68% | Blake Metcalfe 49%,Winger 88% | Centre 74% | Fullback 44%,https://www.nrl.com/news/2026/02/10/witzer-pre-season-challenge-team-lists-round-2/,2026-02-21 02:13 UTC
22248403425,2026-02-21 02:13:32,AUTO,FALLBACK,2026-03-08,,,Dolphins,Rabbitohs,0.5,0.0,40.0,0.45,1.65,2.26,AWAY VALUE +6%,Winger 88% | Centre 74% | Fullback 44%,Bayleigh Bentley-Hape 68% | Jordi Mazzone 68% | Matthew Dufty 49%,https://www.nrl.com/news/2026/02/10/witzer-pre-season-challenge-team-lists-round-2/,2026-02-21 02:13 UTC
22248494616,2026-02-21 02:19:26,AUTO,FALLBACK,2026-02-28,,,Bulldogs,Dragons,0.5,0.0,40.0,0.45,1.48,2.66,AWAY VALUE +12%,Jonathan Sua 68% | Enari Tuala 68% | Connor Tracey 49%,Winger 88% | Centre 74% | Fullback 44%,https://www.nrl.com/news/2026/02/10/witzer-pre-season-challenge-team-lists-round-2/,2026-02-21 02:19 UTC
22248494616,2026-02-21 02:19:26,AUTO,FALLBACK,2026-03-01,,,Knights,Cowboys,0.5,0.0,40.0,0.45,2.59,1.5,HOME VALUE +11%,Winger 88% | Centre 74% | Fullback 44%,Winger 88% | Centre 74% | Fullback 44%,https://www.nrl.com/news/2026/02/10/witzer-pre-season-challenge-team-lists-round-2/,2026-02-21 02:19 UTC
22248494616,2026-02-21 02:19:26,AUTO,FALLBACK,2026-03-05,,,Storm,Eels,0.5,0.0,40.0,0.45,1.38,3.06,AWAY VALUE +17%,Luke Cesari 68% | Siulagi Tuimalatu-Brown 68% | Hugo Peel 49%,Jake Tago 68% | Bailey Simonsson 68% | Isaiah Iongi 49%,https://www.nrl.com/news/2026/02/10/witzer-pre-season-challenge-team-lists-round-2/,2026-02-21 02:19 UTC
22248494616,2026-02-21 02:19:26,AUTO,FALLBACK,2026-03-06,,,Warriors,Roosters,0.5,0.0,40.0,0.45,2.56,1.57,HOME VALUE +11%,Winger 88% | Centre 74% | Fullback 44%,Junior Tupou 68% | Tom Rodwell 68% | Rex Bassingthwaighte 49%,https://www.nrl.com/news/2026/02/10/witzer-pre-season-challenge-team-lists-round-2/,2026-02-21 02:19 UTC
22248494616,2026-02-21 02:19:26,AUTO,FALLBACK,2026-03-06,,,Broncos,Panthers,0.5,0.0,40.0,0.45,1.45,2.96,AWAY VALUE +16%,Winger 88% | Centre 74% | Fullback 44%,Jesse McLean 68% | Nick Murphy 68% | Jaxen Edgar 49%,https://www.nrl.com/news/2026/02/10/witzer-pre-season-challenge-team-lists-round-2/,2026-02-21 02:19 UTC
22248494616,2026-02-21 02:19:26,AUTO,FALLBACK,2026-03-07,,,Sharks,Titans,0.5,0.0,40.0,0.45,1.35,3.4,AWAY VALUE +21%,Winger 88% | Centre 74% | Fullback 44%,Sialetili Faeamani 68% | Jensen Taumoepeau 68% | Jaylan De Groot 49%,https://www.nrl.com/news/2026/02/10/witzer-pre-season-challenge-team-lists-round-2/,2026-02-21 02:19 UTC
22248494616,2026-02-21 02:19:26,AUTO,FALLBACK,2026-03-07,,,Sea Eagles,Raiders,0.5,0.0,40.0,0.45,1.97,1.87,,Blake Wilson 68% | Navren Willett 68% | Blake Metcalfe 49%,Winger 88% | Centre 74% | Fullback 44%,https://www.nrl.com/news/2026/02/10/witzer-pre-season-challenge-team-lists-round-2/,2026-02-21 02:19 UTC
22248494616,2026-02-21 02:19:26,AUTO,FALLBACK,2026-03-08,,,Dolphins,Rabbitohs,0.5,0.0,40.0,0.45,1.65,2.26,AWAY VALUE +6%,Winger 88% | Centre 74% | Fullback 44%,Bayleigh Bentley-Hape 68% | Jordi Mazzone 68% | Matthew Dufty 49%,https://www.nrl.com/news/2026/02/10/witzer-pre-season-challenge-team-lists-round-2/,2026-02-21 02:19 UTC
22248649508,2026-02-21 02:29:59,AUTO,FALLBACK,2026-02-28,,,Bulldogs,Dragons,0.5,0.0,40.0,0.45,1.48,2.66,AWAY VALUE +12%,Jonathan Sua 68% | Enari Tuala 68% | Connor Tracey 49%,Winger 88% | Centre 74% | Fullback 44%,https://www.nrl.com/news/2026/02/10/witzer-pre-season-challenge-team-lists-round-2/,2026-02-21 02:29 UTC
22248649508,2026-02-21 02:29:59,AUTO,FALLBACK,2026-03-01,,,Knights,Cowboys,0.5,0.0,40.0,0.45,2.59,1.5,HOME VALUE +11%,Winger 88% | Centre 74% | Fullback 44%,Winger 88% | Centre 74% | Fullback 44%,https://www.nrl.com/news/2026/02/10/witzer-pre-season-challenge-team-lists-round-2/,2026-02-21 02:29 UTC
22248649508,2026-02-21 02:29:59,AUTO,FALLBACK,2026-03-05,,,Storm,Eels,0.5,0.0,40.0,0.45,1.38,3.06,AWAY VALUE +17%,Luke Cesari 68% | Siulagi Tuimalatu-Brown 68% | Hugo Peel 49%,Jake Tago 68% | Bailey Simonsson 68% | Isaiah Iongi 49%,https://www.nrl.com/news/2026/02/10/witzer-pre-season-challenge-team-lists-round-2/,2026-02-21 02:29 UTC
22248649508,2026-02-21 02:29:59,AUTO,FALLBACK,2026-03-06,,,Warriors,Roosters,0.5,0.0,40.0,0.45,2.56,1.57,HOME VALUE +11%,Winger 88% | Centre 74% | Fullback 44%,Junior Tupou 68% | Tom Rodwell 68% | Rex Bassingthwaighte 49%,https://www.nrl.com/news/2026/02/10/witzer-pre-season-challenge-team-lists-round-2/,2026-02-21 02:29 UTC
22248649508,2026-02-21 02:29:59,AUTO,FALLBACK,2026-03-06,,,Broncos,Panthers,0.5,0.0,40.0,0.45,1.45,2.96,AWAY VALUE +16%,Winger 88% | Centre 74% | Fullback 44%,Jesse McLean 68% | Nick Murphy 68% | Jaxen Edgar 49%,https://www.nrl.com/news/2026/02/10/witzer-pre-season-challenge-team-lists-round-2/,2026-02-21 02:29 UTC
22248649508,2026-02-21 02:29:59,AUTO,FALLBACK,2026-03-07,,,Sharks,Titans,0.5,0.0,40.0,0.45,1.35,3.4,AWAY VALUE +21%,Winger 88% | Centre 74% | Fullback 44%,Sialetili Faeamani 68% | Jensen Taumoepeau 68% | Jaylan De Groot 49%,https://www.nrl.com/news/2026/02/10/witzer-pre-season-challenge-team-lists-round-2/,2026-02-21 02:29 UTC
22248649508,2026-02-21 02:29:59,AUTO,FALLBACK,2026-03-07,,,Sea Eagles,Raiders,0.5,0.0,40.0,0.45,1.97,1.87,,Blake Wilson 68% | Navren Willett 68% | Blake Metcalfe 49%,Winger 88% | Centre 74% | Fullback 44%,https://www.nrl.com/news/2026/02/10/witzer-pre-season-challenge-team-lists-round-2/,2026-02-21 02:29 UTC
22248649508,2026-02-21 02:29:59,AUTO,FALLBACK,2026-03-08,,,Dolphins,Rabbitohs,0.5,0.0,40.0,0.45,1.65,2.26,AWAY VALUE +6%,Winger 88% | Centre 74% | Fullback 44%,Bayleigh Bentley-Hape 68% | Jordi Mazzone 68% | Matthew Dufty 49%,https://www.nrl.com/news/2026/02/10/witzer-pre-season-challenge-team-lists-round-2/,2026-02-21 02:29 UTC
22248927314,2026-02-21 02:49:47,AUTO,FALLBACK,2026-02-28,,,Bulldogs,Dragons,0.5,0.0,40.0,0.45,1.48,2.66,MODEL OFF (FALLBACK),Jonathan Sua 68% | Enari Tuala 68% | Connor Tracey 49%,Winger 88% | Centre 74% | Fullback 44%,https://www.nrl.com/news/2026/02/10/witzer-pre-season-challenge-team-lists-round-2/,2026-02-21 02:49 UTC
22248927314,2026-02-21 02:49:47,AUTO,FALLBACK,2026-03-01,,,Knights,Cowboys,0.5,0.0,40.0,0.45,2.59,1.5,MODEL OFF (FALLBACK),Winger 88% | Centre 74% | Fullback 44%,Winger 88% | Centre 74% | Fullback 44%,https://www.nrl.com/news/2026/02/10/witzer-pre-season-challenge-team-lists-round-2/,2026-02-21 02:49 UTC
22248927314,2026-02-21 02:49:47,AUTO,FALLBACK,2026-03-05,,,Storm,Eels,0.5,0.0,40.0,0.45,1.38,3.06,MODEL OFF (FALLBACK),Luke Cesari 68% | Siulagi Tuimalatu-Brown 68% | Hugo Peel 49%,Jake Tago 68% | Bailey Simonsson 68% | Isaiah Iongi 49%,https://www.nrl.com/news/2026/02/10/witzer-pre-season-challenge-team-lists-round-2/,2026-02-21 02:49 UTC
22248927314,2026-02-21 02:49:47,AUTO,FALLBACK,2026-03-06,,,Warriors,Roosters,0.5,0.0,40.0,0.45,2.56,1.57,MODEL OFF (FALLBACK),Winger 88% | Centre 74% | Fullback 44%,Junior Tupou 68% | Tom Rodwell 68% | Rex Bassingthwaighte 49%,https://www.nrl.com/news/2026/02/10/witzer-pre-season-challenge-team-lists-round-2/,2026-02-21 02:49 UTC
22248927314,2026-02-21 02:49:47,AUTO,FALLBACK,2026-03-06,,,Broncos,Panthers,0.5,0.0,40.0,0.45,1.45,2.96,MODEL OFF (FALLBACK),Winger 88% | Centre 74% | Fullback 44%,Jesse McLean 68% | Nick Murphy 68% | Jaxen Edgar 49%,https://www.nrl.com/news/2026/02/10/witzer-pre-season-challenge-team-lists-round-2/,2026-02-21 02:49 UTC
22248927314,2026-02-21 02:49:47,AUTO,FALLBACK,2026-03-07,,,Sharks,Titans,0.5,0.0,40.0,0.45,1.35,3.4,MODEL OFF (FALLBACK),Winger 88% | Centre 74% | Fullback 44%,Sialetili Faeamani 68% | Jensen Taumoepeau 68% | Jaylan De Groot 49%,https://www.nrl.com/news/2026/02/10/witzer-pre-season-challenge-team-lists-round-2/,2026-02-21 02:49 UTC
22248927314,2026-02-21 02:49:47,AUTO,FALLBACK,2026-03-07,,,Sea Eagles,Raiders,0.5,0.0,40.0,0.45,1.97,1.87,MODEL OFF (FALLBACK),Blake Wilson 68% | Navren Willett 68% | Blake Metcalfe 49%,Winger 88% | Centre 74% | Fullback 44%,https://www.nrl.com/news/2026/02/10/witzer-pre-season-challenge-team-lists-round-2/,2026-02-21 02:49 UTC
22248927314,2026-02-21 02:49:47,AUTO,FALLBACK,2026-03-08,,,Dolphins,Rabbitohs,0.5,0.0,40.0,0.45,1.65,2.26,MODEL OFF (FALLBACK),Winger 88% | Centre 74% | Fullback 44%,Bayleigh Bentley-Hape 68% | Jordi Mazzone 68% | Matthew Dufty 49%,https://www.nrl.com/news/2026/02/10/witzer-pre-season-challenge-team-lists-round-2/,2026-02-21 02:49 UTC
22249139529,2026-02-21 03:03:43,AUTO,FALLBACK,2026-02-28,,,Bulldogs,Dragons,0.5,0.0,40.0,0.45,1.48,2.66,MODEL OFF (FALLBACK),Jonathan Sua 68% | Enari Tuala 68% | Connor Tracey 49%,Winger 88% | Centre 74% | Fullback 44%,https://www.nrl.com/news/2026/02/10/witzer-pre-season-challenge-team-lists-round-2/,2026-02-21 03:03 UTC
22249139529,2026-02-21 03:03:43,AUTO,FALLBACK,2026-03-01,,,Knights,Cowboys,0.5,0.0,40.0,0.45,2.59,1.5,MODEL OFF (FALLBACK),Winger 88% | Centre 74% | Fullback 44%,Winger 88% | Centre 74% | Fullback 44%,https://www.nrl.com/news/2026/02/10/witzer-pre-season-challenge-team-lists-round-2/,2026-02-21 03:03 UTC
22249139529,2026-02-21 03:03:43,AUTO,FALLBACK,2026-03-05,,,Storm,Eels,0.5,0.0,40.0,0.45,1.38,3.06,MODEL OFF (FALLBACK),Luke Cesari 68% | Siulagi Tuimalatu-Brown 68% | Hugo Peel 49%,Jake Tago 68% | Bailey Simonsson 68% | Isaiah Iongi 49%,https://www.nrl.com/news/2026/02/10/witzer-pre-season-challenge-team-lists-round-2/,2026-02-21 03:03 UTC
22249139529,2026-02-21 03:03:43,AUTO,FALLBACK,2026-03-06,,,Warriors,Roosters,0.5,0.0,40.0,0.45,2.56,1.57,MODEL OFF (FALLBACK),Winger 88% | Centre 74% | Fullback 44%,Junior Tupou 68% | Tom Rodwell 68% | Rex Bassingthwaighte 49%,https://www.nrl.com/news/2026/02/10/witzer-pre-season-challenge-team-lists-round-2/,2026-02-21 03:03 UTC
22249139529,2026-02-21 03:03:43,AUTO,FALLBACK,2026-03-06,,,Broncos,Panthers,0.5,0.0,40.0,0.45,1.45,2.96,MODEL OFF (FALLBACK),Winger 88% | Centre 74% | Fullback 44%,Jesse McLean 68% | Nick Murphy 68% | Jaxen Edgar 49%,https://www.nrl.com/news/2026/02/10/witzer-pre-season-challenge-team-lists-round-2/,2026-02-21 03:03 UTC
22249139529,2026-02-21 03:03:43,AUTO,FALLBACK,2026-03-07,,,Sharks,Titans,0.5,0.0,40.0,0.45,1.35,3.4,MODEL OFF (FALLBACK),Winger 88% | Centre 74% | Fullback 44%,Sialetili Faeamani 68% | Jensen Taumoepeau 68% | Jaylan De Groot 49%,https://www.nrl.com/news/2026/02/10/witzer-pre-season-challenge-team-lists-round-2/,2026-02-21 03:03 UTC
22249139529,2026-02-21 03:03:43,AUTO,FALLBACK,2026-03-07,,,Sea Eagles,Raiders,0.5,0.0,40.0,0.45,1.97,1.87,MODEL OFF (FALLBACK),Blake Wilson 68% | Navren Willett 68% | Blake Metcalfe 49%,Winger 88% | Centre 74% | Fullback 44%,https://www.nrl.com/news/2026/02/10/witzer-pre-season-challenge-team-lists-round-2/,2026-02-21 03:03 UTC
22249139529,2026-02-21 03:03:43,AUTO,FALLBACK,2026-03-08,,,Dolphins,Rabbitohs,0.5,0.0,40.0,0.45,1.65,2.26,MODEL OFF (FALLBACK),Winger 88% | Centre 74% | Fullback 44%,Bayleigh Bentley-Hape 68% | Jordi Mazzone 68% | Matthew Dufty 49%,https://www.nrl.com/news/2026/02/10/witzer-pre-season-challenge-team-lists-round-2/,2026-02-21 03:03 UTC
22249239820,2026-02-21 03:11:23,AUTO,FALLBACK,2026-02-28,,,Bulldogs,Dragons,0.5,0.0,40.0,0.45,1.48,2.66,MODEL OFF (FALLBACK),Jonathan Sua 68% | Enari Tuala 68% | Connor Tracey 49%,Winger 88% | Centre 74% | Fullback 44%,https://www.nrl.com/news/2026/02/10/witzer-pre-season-challenge-team-lists-round-2/,2026-02-21 03:11 UTC
22249239820,2026-02-21 03:11:23,AUTO,FALLBACK,2026-03-01,,,Knights,Cowboys,0.5,0.0,40.0,0.45,2.59,1.53,MODEL OFF (FALLBACK),Winger 88% | Centre 74% | Fullback 44%,Winger 88% | Centre 74% | Fullback 44%,https://www.nrl.com/news/2026/02/10/witzer-pre-season-challenge-team-lists-round-2/,2026-02-21 03:11 UTC
22249239820,2026-02-21 03:11:23,AUTO,FALLBACK,2026-03-05,,,Storm,Eels,0.5,0.0,40.0,0.45,1.4,3.06,MODEL OFF (FALLBACK),Luke Cesari 68% | Siulagi Tuimalatu-Brown 68% | Hugo Peel 49%,Jake Tago 68% | Bailey Simonsson 68% | Isaiah Iongi 49%,https://www.nrl.com/news/2026/02/10/witzer-pre-season-challenge-team-lists-round-2/,2026-02-21 03:11 UTC
22249239820,2026-02-21 03:11:23,AUTO,FALLBACK,2026-03-06,,,Warriors,Roosters,0.5,0.0,40.0,0.45,2.9,1.57,MODEL OFF (FALLBACK),Winger 88% | Centre 74% | Fullback 44%,Junior Tupou 68% | Tom Rodwell 68% | Rex Bassingthwaighte 49%,https://www.nrl.com/news/2026/02/10/witzer-pre-season-challenge-team-lists-round-2/,2026-02-21 03:11 UTC
22249239820,2026-02-21 03:11:23,AUTO,FALLBACK,2026-03-06,,,Broncos,Panthers,0.5,0.0,40.0,0.45,1.45,2.96,MODEL OFF (FALLBACK),Winger 88% | Centre 74% | Fullback 44%,Jesse McLean 68% | Nick Murphy 68% | Jaxen Edgar 49%,https://www.nrl.com/news/2026/02/10/witzer-pre-season-challenge-team-lists-round-2/,2026-02-21 03:11 UTC
22249239820,2026-02-21 03:11:23,AUTO,FALLBACK,2026-03-07,,,Sharks,Titans,0.5,0.0,40.0,0.45,1.35,3.4,MODEL OFF (FALLBACK),Winger 88% | Centre 74% | Fullback 44%,Sialetili Faeamani 68% | Jensen Taumoepeau 68% | Jaylan De Groot 49%,https://www.nrl.com/news/2026/02/10/witzer-pre-season-challenge-team-lists-round-2/,2026-02-21 03:11 UTC
22249239820,2026-02-21 03:11:23,AUTO,FALLBACK,2026-03-07,,,Sea Eagles,Raiders,0.5,0.0,40.0,0.45,1.97,2.0,MODEL OFF (FALLBACK),Blake Wilson 68% | Navren Willett 68% | Blake Metcalfe 49%,Winger 88% | Centre 74% | Fullback 44%,https://www.nrl.com/news/2026/02/10/witzer-pre-season-challenge-team-lists-round-2/,2026-02-21 03:11 UTC
22249239820,2026-02-21 03:11:23,AUTO,FALLBACK,2026-03-08,,,Dolphins,Rabbitohs,0.5,0.0,40.0,0.45,1.65,2.26,MODEL OFF (FALLBACK),Winger 88% | Centre 74% | Fullback 44%,Bayleigh Bentley-Hape 68% | Jordi Mazzone 68% | Matthew Dufty 49%,https://www.nrl.com/news/2026/02/10/witzer-pre-season-challenge-team-lists-round-2/,2026-02-21 03:11 UTC
22249473544,2026-02-21 03:28:09,AUTO,FALLBACK,2026-02-28,,,Bulldogs,Dragons,0.5,0.0,40.0,0.45,1.48,2.66,MODEL OFF (FALLBACK),Jonathan Sua 68% | Enari Tuala 68% | Connor Tracey 49%,Winger 88% | Centre 74% | Fullback 44%,https://www.nrl.com/news/2026/02/10/witzer-pre-season-challenge-team-lists-round-2/,2026-02-21 03:28 UTC
22249473544,2026-02-21 03:28:09,AUTO,FALLBACK,2026-03-01,,,Knights,Cowboys,0.5,0.0,40.0,0.45,2.59,1.53,MODEL OFF (FALLBACK),Winger 88% | Centre 74% | Fullback 44%,Winger 88% | Centre 74% | Fullback 44%,https://www.nrl.com/news/2026/02/10/witzer-pre-season-challenge-team-lists-round-2/,2026-02-21 03:28 UTC
22249473544,2026-02-21 03:28:09,AUTO,FALLBACK,2026-03-05,,,Storm,Eels,0.5,0.0,40.0,0.45,1.4,3.06,MODEL OFF (FALLBACK),Luke Cesari 68% | Siulagi Tuimalatu-Brown 68% | Hugo Peel 49%,Jake Tago 68% | Bailey Simonsson 68% | Isaiah Iongi 49%,https://www.nrl.com/news/2026/02/10/witzer-pre-season-challenge-team-lists-round-2/,2026-02-21 03:28 UTC
22249473544,2026-02-21 03:28:09,AUTO,FALLBACK,2026-03-06,,,Warriors,Roosters,0.5,0.0,40.0,0.45,2.9,1.57,MODEL OFF (FALLBACK),Winger 88% | Centre 74% | Fullback 44%,Junior Tupou 68% | Tom Rodwell 68% | Rex Bassingthwaighte 49%,https://www.nrl.com/news/2026/02/10/witzer-pre-season-challenge-team-lists-round-2/,2026-02-21 03:28 UTC
22249473544,2026-02-21 03:28:09,AUTO,FALLBACK,2026-03-06,,,Broncos,Panthers,0.5,0.0,40.0,0.45,1.45,2.96,MODEL OFF (FALLBACK),Winger 88% | Centre 74% | Fullback 44%,Jesse McLean 68% | Nick Murphy 68% | Jaxen Edgar 49%,https://www.nrl.com/news/2026/02/10/witzer-pre-season-challenge-team-lists-round-2/,2026-02-21 03:28 UTC
22249473544,2026-02-21 03:28:09,AUTO,FALLBACK,2026-03-07,,,Sharks,Titans,0.5,0.0,40.0,0.45,1.35,3.4,MODEL OFF (FALLBACK),Winger 88% | Centre 74% | Fullback 44%,Sialetili Faeamani 68% | Jensen Taumoepeau 68% | Jaylan De Groot 49%,https://www.nrl.com/news/2026/02/10/witzer-pre-season-challenge-team-lists-round-2/,2026-02-21 03:28 UTC
22249473544,2026-02-21 03:28:09,AUTO,FALLBACK,2026-03-07,,,Sea Eagles,Raiders,0.5,0.0,40.0,0.45,1.97,2.0,MODEL OFF (FALLBACK),Blake Wilson 68% | Navren Willett 68% | Blake Metcalfe 49%,Winger 88% | Centre 74% | Fullback 44%,https://www.nrl.com/news/2026/02/10/witzer-pre-season-challenge-team-lists-round-2/,2026-02-21 03:28 UTC
22249473544,2026-02-21 03:28:09,AUTO,FALLBACK,2026-03-08,,,Dolphins,Rabbitohs,0.5,0.0,40.0,0.45,1.65,2.26,MODEL OFF (FALLBACK),Winger 88% | Centre 74% | Fullback 44%,Bayleigh Bentley-Hape 68% | Jordi Mazzone 68% | Matthew Dufty 49%,https://www.nrl.com/news/2026/02/10/witzer-pre-season-challenge-team-lists-round-2/,2026-02-21 03:28 UTC
22249535089,2026-02-21 03:32:58,AUTO,ATTACK_DEFENCE,2026-02-28,,,Bulldogs,Dragons,0.778,10.1,39.2,0.75,1.48,2.66,HOME VALUE +10%,Jonathan Sua 76% | Enari Tuala 76% | Connor Tracey 56%,Winger 78% | Centre 62% | Fullback 34%,https://www.nrl.com/news/2026/02/10/witzer-pre-season-challenge-team-lists-round-2/,2026-02-21 03:32 UTC
22249535089,2026-02-21 03:32:58,AUTO,ATTACK_DEFENCE,2026-03-01,,,Knights,Cowboys,0.405,-1.9,43.5,0.59,2.59,1.53,,Winger 89% | Centre 75% | Fullback 45%,Winger 91% | Centre 78% | Fullback 48%,https://www.nrl.com/news/2026/02/10/witzer-pre-season-challenge-team-lists-round-2/,2026-02-21 03:32 UTC
22249535089,2026-02-21 03:32:58,AUTO,ATTACK_DEFENCE,2026-03-05,,,Storm,Eels,0.711,7.6,38.2,0.69,1.4,3.06,,Luke Cesari 73% | Siulagi Tuimalatu-Brown 73% | Hugo Peel 53%,Jake Tago 58% | Bailey Simonsson 58% | Isaiah Iongi 40%,https://www.nrl.com/news/2026/02/10/witzer-pre-season-challenge-team-lists-round-2/,2026-02-21 03:32 UTC
22249535089,2026-02-21 03:32:58,AUTO,ATTACK_DEFENCE,2026-03-06,,,Warriors,Roosters,0.449,-0.5,36.9,0.55,2.9,1.57,HOME VALUE +10%,Winger 85% | Centre 70% | Fullback 41%,Junior Tupou 66% | Tom Rodwell 66% | Rex Bassingthwaighte 46%,https://www.nrl.com/news/2026/02/10/witzer-pre-season-challenge-team-lists-round-2/,2026-02-21 03:32 UTC
22249535089,2026-02-21 03:32:58,AUTO,ATTACK_DEFENCE,2026-03-06,,,Broncos,Panthers,0.65,5.6,40.6,0.64,1.45,2.96,,Winger 91% | Centre 79% | Fullback 48%,Jesse McLean 63% | Nick Murphy 63% | Jaxen Edgar 44%,https://www.nrl.com/news/2026/02/10/witzer-pre-season-challenge-team-lists-round-2/,2026-02-21 03:32 UTC
22249535089,2026-02-21 03:32:58,AUTO,ATTACK_DEFENCE,2026-03-07,,,Sharks,Titans,0.882,15.0,42.1,0.8,1.35,3.4,HOME VALUE +14%,Winger 95% | Centre 85% | Fullback 56%,Sialetili Faeamani 54% | Jensen Taumoepeau 54% | Jaylan De Groot 36%,https://www.nrl.com/news/2026/02/10/witzer-pre-season-challenge-team-lists-round-2/,2026-02-21 03:32 UTC
22249535089,2026-02-21 03:32:58,AUTO,ATTACK_DEFENCE,2026-03-07,,,Sea Eagles,Raiders,0.634,5.2,42.2,0.62,1.97,2.0,HOME VALUE +13%,Blake Wilson 74% | Navren Willett 74% | Blake Metcalfe 55%,Winger 86% | Centre 71% | Fullback 41%,https://www.nrl.com/news/2026/02/10/witzer-pre-season-challenge-team-lists-round-2/,2026-02-21 03:32 UTC
22249535089,2026-02-21 03:32:58,AUTO,ATTACK_DEFENCE,2026-03-08,,,Dolphins,Rabbitohs,0.796,10.9,47.1,0.77,1.65,2.26,HOME VALUE +19%,Winger 95% | Centre 86% | Fullback 56%,Bayleigh Bentley-Hape 64% | Jordi Mazzone 64% | Matthew Dufty 45%,https://www.nrl.com/news/2026/02/10/witzer-pre-season-challenge-team-lists-round-2/,2026-02-21 03:32 UTC
22249812361,2026-02-21 03:53:11,AUTO,ATTACK_DEFENCE,2026-02-28,,,Bulldogs,Dragons,0.778,10.1,39.2,0.75,1.48,2.66,HOME VALUE +10%,Jonathan Sua 76% | Enari Tuala 76% | Connor Tracey 56%,Winger 78% | Centre 62% | Fullback 34%,https://www.nrl.com/news/2026/02/10/witzer-pre-season-challenge-team-lists-round-2/,2026-02-21 03:53 UTC
22249812361,2026-02-21 03:53:11,AUTO,ATTACK_DEFENCE,2026-03-01,,,Knights,Cowboys,0.405,-1.9,43.5,0.59,2.59,1.53,,Winger 89% | Centre 75% | Fullback 45%,Winger 91% | Centre 78% | Fullback 48%,https://www.nrl.com/news/2026/02/10/witzer-pre-season-challenge-team-lists-round-2/,2026-02-21 03:53 UTC
22249812361,2026-02-21 03:53:11,AUTO,ATTACK_DEFENCE,2026-03-05,,,Storm,Eels,0.711,7.6,38.2,0.69,1.4,3.06,,Luke Cesari 73% | Siulagi Tuimalatu-Brown 73% | Hugo Peel 53%,Jake Tago 58% | Bailey Simonsson 58% | Isaiah Iongi 40%,https://www.nrl.com/news/2026/02/10/witzer-pre-season-challenge-team-lists-round-2/,2026-02-21 03:53 UTC
22249812361,2026-02-21 03:53:11,AUTO,ATTACK_DEFENCE,2026-03-06,,,Warriors,Roosters,0.449,-0.5,36.9,0.55,2.9,1.57,HOME VALUE +10%,Winger 85% | Centre 70% | Fullback 41%,Junior Tupou 66% | Tom Rodwell 66% | Rex Bassingthwaighte 46%,https://www.nrl.com/news/2026/02/10/witzer-pre-season-challenge-team-lists-round-2/,2026-02-21 03:53 UTC
22249812361,2026-02-21 03:53:11,AUTO,ATTACK_DEFENCE,2026-03-06,,,Broncos,Panthers,0.65,5.6,40.6,0.64,1.45,2.96,,Winger 91% | Centre 79% | Fullback 48%,Jesse McLean 63% | Nick Murphy 63% | Jaxen Edgar 44%,https://www.nrl.com/news/2026/02/10/witzer-pre-season-challenge-team-lists-round-2/,2026-02-21 03:53 UTC
22249812361,2026-02-21 03:53:11,AUTO,ATTACK_DEFENCE,2026-03-07,,,Sharks,Titans,0.882,15.0,42.1,0.8,1.35,3.4,HOME VALUE +14%,Winger 95% | Centre 85% | Fullback 56%,Sialetili Faeamani 54% | Jensen Taumoepeau 54% | Jaylan De Groot 36%,https://www.nrl.com/news/2026/02/10/witzer-pre-season-challenge-team-lists-round-2/,2026-02-21 03:53 UTC
22249812361,2026-02-21 03:53:11,AUTO,ATTACK_DEFENCE,2026-03-07,,,Sea Eagles,Raiders,0.634,5.2,42.2,0.62,1.97,2.0,HOME VALUE +13%,Blake Wilson 74% | Navren Willett 74% | Blake Metcalfe 55%,Winger 86% | Centre 71% | Fullback 41%,https://www.nrl.com/news/2026/02/10/witzer-pre-season-challenge-team-lists-round-2/,2026-02-21 03:53 UTC
22249812361,2026-02-21 03:53:11,AUTO,ATTACK_DEFENCE,2026-03-08,,,Dolphins,Rabbitohs,0.796,10.9,47.1,0.77,1.65,2.26,HOME VALUE +19%,Winger 95% | Centre 86% | Fullback 56%,Bayleigh Bentley-Hape 64% | Jordi Mazzone 64% | Matthew Dufty 45%,https://www.nrl.com/news/2026/02/10/witzer-pre-season-challenge-team-lists-round-2/,2026-02-21 03:53 UTC
22250095635,2026-02-21 04:13:02,AUTO,ATTACK_DEFENCE,2026-02-28,,,Bulldogs,Dragons,0.778,10.1,39.2,0.75,1.48,2.66,HOME VALUE +10%,Jonathan Sua 76% | Enari Tuala 76% | Connor Tracey 56%,Winger 78% | Centre 62% | Fullback 34%,https://www.nrl.com/news/2026/02/10/witzer-pre-season-challenge-team-lists-round-2/,2026-02-21 03:53 UTC
22250095635,2026-02-21 04:13:02,AUTO,ATTACK_DEFENCE,2026-03-01,,,Knights,Cowboys,0.405,-1.9,43.5,0.59,2.59,1.53,,Winger 89% | Centre 75% | Fullback 45%,Winger 91% | Centre 78% | Fullback 48%,https://www.nrl.com/news/2026/02/10/witzer-pre-season-challenge-team-lists-round-2/,2026-02-21 03:53 UTC
22250095635,2026-02-21 04:13:02,AUTO,ATTACK_DEFENCE,2026-03-05,,,Storm,Eels,0.711,7.6,38.2,0.69,1.4,3.06,,Luke Cesari 73% | Siulagi Tuimalatu-Brown 73% | Hugo Peel 53%,Jake Tago 58% | Bailey Simonsson 58% | Isaiah Iongi 40%,https://www.nrl.com/news/2026/02/10/witzer-pre-season-challenge-team-lists-round-2/,2026-02-21 03:53 UTC
22250095635,2026-02-21 04:13:02,AUTO,ATTACK_DEFENCE,2026-03-06,,,Warriors,Roosters,0.449,-0.5,36.9,0.55,2.9,1.57,HOME VALUE +10%,Winger 85% | Centre 70% | Fullback 41%,Junior Tupou 66% | Tom Rodwell 66% | Rex Bassingthwaighte 46%,https://www.nrl.com/news/2026/02/10/witzer-pre-season-challenge-team-lists-round-2/,2026-02-21 03:53 UTC
22250095635,2026-02-21 04:13:02,AUTO,ATTACK_DEFENCE,2026-03-06,,,Broncos,Panthers,0.65,5.6,40.6,0.64,1.45,2.96,,Winger 91% | Centre 79% | Fullback 48%,Jesse McLean 63% | Nick Murphy 63% | Jaxen Edgar 44%,https://www.nrl.com/news/2026/02/10/witzer-pre-season-challenge-team-lists-round-2/,2026-02-21 03:53 UTC
22250095635,2026-02-21 04:13:02,AUTO,ATTACK_DEFENCE,2026-03-07,,,Sharks,Titans,0.882,15.0,42.1,0.8,1.35,3.4,HOME VALUE +14%,Winger 95% | Centre 85% | Fullback 56%,Sialetili Faeamani 54% | Jensen Taumoepeau 54% | Jaylan De Groot 36%,https://www.nrl.com/news/2026/02/10/witzer-pre-season-challenge-team-lists-round-2/,2026-02-21 03:53 UTC
22250095635,2026-02-21 04:13:02,AUTO,ATTACK_DEFENCE,2026-03-07,,,Sea Eagles,Raiders,0.634,5.2,42.2,0.62,1.97,2.0,HOME VALUE +13%,Blake Wilson 74% | Navren Willett 74% | Blake Metcalfe 55%,Winger 86% | Centre 71% | Fullback 41%,https://www.nrl.com/news/2026/02/10/witzer-pre-season-challenge-team-lists-round-2/,2026-02-21 03:53 UTC
22250095635,2026-02-21 04:13:02,AUTO,ATTACK_DEFENCE,2026-03-08,,,Dolphins,Rabbitohs,0.796,10.9,47.1,0.77,1.65,2.26,HOME VALUE +19%,Winger 95% | Centre 86% | Fullback 56%,Bayleigh Bentley-Hape 64% | Jordi Mazzone 64% | Matthew Dufty 45%,https://www.nrl.com/news/2026/02/10/witzer-pre-season-challenge-team-lists-round-2/,2026-02-21 03:53 UTC
